<?xml version="1.0" encoding="utf-8" standalone="yes"?>
<Window sizebox="4,4,4,4" mininfo="600,400">
	<Font id="0" name="微软雅黑" size="14" default="true" />
	<Font id="1" name="微软雅黑" size="14" bold="true" />
	<VerticalLayout bkcolor="#FFF0F0F0">
		<HorizontalLayout>
			<VerticalLayout width="300" bordercolor="#FF768D9B" bordersize="1">
				<Label text="相机参数" font="1" bkcolor="#FFC5D4F2" height="20" padding="1,1,1,1" align="center" />
				<HorizontalLayout height="30" font="0" padding="3,3,3,3">
					<Label text="曝光时间：" width="60" />
					<Edit name="edit_exposureTime" padding="3,3,3,3" bordercolor="#FF4EA0D1" bordersize="1" />
					<Button name="btn_exposureTimeGet" text="获取" padding="3,3,3,3" borderround="3,3" normalimage="file='button_normal.png' corner='20,2,20,2'" hotimage="file='button_hover.png' corner='20,2,20,2'" pushedimage="file='button_pushed.png' corner='20,2,20,2'" />
					<Button name="btn_exposureTimeSet" text="设置" padding="3,3,3,3" borderround="3,3" normalimage="file='button_normal.png' corner='20,2,20,2'" hotimage="file='button_hover.png' corner='20,2,20,2'" pushedimage="file='button_pushed.png' corner='20,2,20,2'" />
				</HorizontalLayout>
				<HorizontalLayout height="30" font="0" padding="3,3,3,3">
					<Label text="帧率：" width="60" />
					<Edit name="edit_frameRate" padding="3,3,3,3" bordercolor="#FF4EA0D1" bordersize="1" />
					<Button name="btn_frameRateGet" text="获取" padding="3,3,3,3" borderround="3,3" normalimage="file='button_normal.png' corner='20,2,20,2'" hotimage="file='button_hover.png' corner='20,2,20,2'" pushedimage="file='button_pushed.png' corner='20,2,20,2'" />
					<Button name="btn_frameRateSet" text="设置" padding="3,3,3,3" borderround="3,3" normalimage="file='button_normal.png' corner='20,2,20,2'" hotimage="file='button_hover.png' corner='20,2,20,2'" pushedimage="file='button_pushed.png' corner='20,2,20,2'" />
				</HorizontalLayout>
				<HorizontalLayout height="30" font="0" padding="3,3,3,3">
					<Label text="增益：" width="60" />
					<Edit name="edit_gain" padding="3,3,3,3" bordercolor="#FF4EA0D1" bordersize="1" />
					<Button name="btn_gainGet" text="获取" padding="3,3,3,3" borderround="3,3" normalimage="file='button_normal.png' corner='20,2,20,2'" hotimage="file='button_hover.png' corner='20,2,20,2'" pushedimage="file='button_pushed.png' corner='20,2,20,2'" />
					<Button name="btn_gainSet" text="设置" padding="3,3,3,3" borderround="3,3" normalimage="file='button_normal.png' corner='20,2,20,2'" hotimage="file='button_hover.png' corner='20,2,20,2'" pushedimage="file='button_pushed.png' corner='20,2,20,2'" />
				</HorizontalLayout>
				<HorizontalLayout height="30" font="0" padding="3,3,3,3">
					<Label text="BlackLevel：" width="60" />
					<Edit name="edit_blackLevel" padding="3,3,3,3" bordercolor="#FF4EA0D1" bordersize="1" />
					<Button name="btn_blackLevelGet" text="获取" padding="3,3,3,3" borderround="3,3" normalimage="file='button_normal.png' corner='20,2,20,2'" hotimage="file='button_hover.png' corner='20,2,20,2'" pushedimage="file='button_pushed.png' corner='20,2,20,2'" />
					<Button name="btn_blackLevelSet" text="设置" padding="3,3,3,3" borderround="3,3" normalimage="file='button_normal.png' corner='20,2,20,2'" hotimage="file='button_hover.png' corner='20,2,20,2'" pushedimage="file='button_pushed.png' corner='20,2,20,2'" />
				</HorizontalLayout>
				<Label text="触发模式" bkcolor="#FFC5D4F2" font="0" height="20" padding="1,1,1,1" align="center" />
					<HorizontalLayout height="35" childalign="center" childvalign="vcenter" padding="3,3,3,3">
						<Option width="85" height="28" name="btn_Continue" padding="3,0,3,0" selectedimage="file='checkbox\btn_wnd_radio.png' dest='5,6,21,22' source='60,0,75,16' " selectedhotimage="file='checkbox\btn_wnd_radio.png' dest='5,6,21,22' source='75,0,90,16' " selectedpushedimage="file='checkbox\btn_wnd_radio.png' dest='5,6,21,22' source='90,0,105,16' " group="group_options_1" normalimage="file='checkbox\btn_wnd_radio.png' dest='5,6,21,22' source='0,0,15,16' " hotimage="file='checkbox\btn_wnd_radio.png' dest='5,6,21,22' source='15,0,30,16' " pushedimage="file='checkbox\btn_wnd_radio.png' dest='5,6,21,22' source='30,0,45,16' " disabledimage="file='checkbox\btn_wnd_radio.png' dest='5,6,21,22' source='45,0,60,16' " text="连续模式" textpadding="14,0,0,0" />
						<Option width="85" height="28" name="btn_TriggerHw" padding="3,0,3,0" selectedimage="file='checkbox\btn_wnd_radio.png' dest='5,6,21,22' source='60,0,75,16' " selectedhotimage="file='checkbox\btn_wnd_radio.png' dest='5,6,21,22' source='75,0,90,16' " selectedpushedimage="file='checkbox\btn_wnd_radio.png' dest='5,6,21,22' source='90,0,105,16' " group="group_options_1" selected="true" normalimage="file='checkbox\btn_wnd_radio.png' dest='5,6,21,22' source='0,0,15,16' " hotimage="file='checkbox\btn_wnd_radio.png' dest='5,6,21,22' source='15,0,30,16' " pushedimage="file='checkbox\btn_wnd_radio.png' dest='5,6,21,22' source='30,0,45,16' " disabledimage="file='checkbox\btn_wnd_radio.png' dest='5,6,21,22' source='45,0,60,16' " text="外部触发" textpadding="14,0,0,0" />
					</HorizontalLayout>
				<Label text="相机功能" bkcolor="#FFC5D4F2" font="1" height="20" padding="3,3,3,0" align="center" />
				<HorizontalLayout height="50" font="0" childalign="center" childvalign="vcenter" padding="3,3,3,3">
					<Button name="btn_openCamera" text="打开相机" padding="3,3,3,3" borderround="3,3" normalimage="file='button_normal.png' corner='20,2,20,2'" hotimage="file='button_hover.png' corner='20,2,20,2'" pushedimage="file='button_pushed.png' corner='20,2,20,2'" />
					<Button name="btn_closeCamera" text="关闭相机" padding="3,3,3,3" borderround="3,3" normalimage="file='button_normal.png' corner='20,2,20,2'" hotimage="file='button_hover.png' corner='20,2,20,2'" pushedimage="file='button_pushed.png' corner='20,2,20,2'" />
				</HorizontalLayout>
				<HorizontalLayout height="50" font="0" childalign="center" childvalign="vcenter" padding="3,3,3,3">
					<Button name="btn_startGrabbing" text="开始采集" padding="3,3,3,3" borderround="3,3" normalimage="file='button_normal.png' corner='20,2,20,2'" hotimage="file='button_hover.png' corner='20,2,20,2'" pushedimage="file='button_pushed.png' corner='20,2,20,2'" />
					<Button name="btn_stopGrabbing" text="停止采集" padding="3,3,3,3" borderround="3,3" normalimage="file='button_normal.png' corner='20,2,20,2'" hotimage="file='button_hover.png' corner='20,2,20,2'" pushedimage="file='button_pushed.png' corner='20,2,20,2'" />
				</HorizontalLayout>
				<HorizontalLayout height="50" font="0" childalign="center" childvalign="vcenter" padding="3,3,3,3">
					<Button name="btn_LoadParasFromFile" text="导入参数" padding="3,3,3,3" borderround="3,3" normalimage="file='button_normal.png' corner='20,2,20,2'" hotimage="file='button_hover.png' corner='20,2,20,2'" pushedimage="file='button_pushed.png' corner='20,2,20,2'" />
				</HorizontalLayout>
				<Label text="运行参数" font="1" bkcolor="#FFC5D4F2" height="20" padding="1,1,1,1" align="center" />
				<HorizontalLayout height="30" font="0" padding="3,3,3,3">
					<Label text="Timeout：" width="80" />
					<Edit name="edit_Timeout" padding="3,3,3,3" bordercolor="#FF4EA0D1" bordersize="1" />
					<Button name="btn_TimeoutSet" text="设置" padding="3,3,3,3" borderround="3,3" normalimage="file='button_normal.png' corner='20,2,20,2'" hotimage="file='button_hover.png' corner='20,2,20,2'" pushedimage="file='button_pushed.png' corner='20,2,20,2'" />
				</HorizontalLayout>
				<HorizontalLayout height="30" font="0" padding="3,3,3,3">
					<Label text="Temperature：" width="80" />
					<Edit name="edit_Temperature" padding="3,3,3,3" bordercolor="#FF4EA0D1" bordersize="1" />
					<Button name="btn_Temperature" text="获取" padding="3,3,3,3" borderround="3,3" normalimage="file='button_normal.png' corner='20,2,20,2'" hotimage="file='button_hover.png' corner='20,2,20,2'" pushedimage="file='button_pushed.png' corner='20,2,20,2'" />
				</HorizontalLayout>
				<HorizontalLayout height="30" font="0" padding="3,3,3,3">
					<Label text="Run Mode：" width="80" />
					<Edit name="edit_runMode" padding="3,3,3,3" bordercolor="#FF4EA0D1" bordersize="1" />
					<Button name="btn_runModeGet" text="获取" padding="3,3,3,3" borderround="3,3" normalimage="file='button_normal.png' corner='20,2,20,2'" hotimage="file='button_hover.png' corner='20,2,20,2'" pushedimage="file='button_pushed.png' corner='20,2,20,2'" />
					<Button name="btn_runModeSet" text="设置" padding="3,3,3,3" borderround="3,3" normalimage="file='button_normal.png' corner='20,2,20,2'" hotimage="file='button_hover.png' corner='20,2,20,2'" pushedimage="file='button_pushed.png' corner='20,2,20,2'" />
				</HorizontalLayout>
				<Label text="拍照参数" bkcolor="#FFC5D4F2" font="1" height="20" padding="1,1,1,1" align="center" />
				<HorizontalLayout height="50" childalign="center" childvalign="vcenter" padding="3,3,3,3">
					<Button name="btn_DotConfig" text="DOT Config" padding="3,3,3,3" borderround="3,3" normalimage="file='button_normal.png' corner='20,2,20,2'" hotimage="file='button_hover.png' corner='20,2,20,2'" pushedimage="file='button_pushed.png' corner='20,2,20,2'" />
					<Button name="btn_FloodConfig" text="Flood Config" padding="3,3,3,3" borderround="3,3" normalimage="file='button_normal.png' corner='20,2,20,2'" hotimage="file='button_hover.png' corner='20,2,20,2'" pushedimage="file='button_pushed.png' corner='20,2,20,2'" />
				</HorizontalLayout>
			</VerticalLayout>
			<VerticalLayout bordercolor="#FF768D9B" bordersize="1">
				<Label text="图像" bkcolor="#FFC5D4F2" font="1" height="20" padding="1,1,1,1" align="center" />
				<HorizontalLayout>
					<Label name="mil_image" bkcolor="#FFFFFFFF" />
				</HorizontalLayout>	
			</VerticalLayout>
		</HorizontalLayout>
	</VerticalLayout>
</Window>
