<?xml version="1.0" encoding="utf-8" standalone="yes"?>
<Window sizebox="4,4,4,4" mininfo="1280,800">
	<Font id="0" name="微软雅黑" size="14" default="true" />
	<Font id="1" name="微软雅黑" size="14" bold="true" />
	<VerticalLayout bkcolor="#FFF0F0F0">
		<Label text="实时采集圆心坐标："/>
		<HorizontalLayout height="28" font="0" padding="1,1,1,1">
			<Label text="Tx:" width="25"/>
			<Label text="X" width="15"/>
			<Edit name="edit_TxResult_x" text="0" padding="1,3,1,3" bordercolor="#FF4EA0D1" bordersize="1" />
			<Label text="Y" width="15"/>
			<Edit name="edit_TxResult_y" text="0" padding="1,3,1,3" bordercolor="#FF4EA0D1" bordersize="1" />
		</HorizontalLayout>
		<HorizontalLayout height="28" font="0" padding="1,1,1,1">
			<Label text="Ty:" width="25"/>
			<Label text="X" width="15"/>
			<Edit name="edit_TyResult_x" text="0" padding="1,3,1,3" bordercolor="#FF4EA0D1" bordersize="1" />
			<Label text="Y" width="15"/>
			<Edit name="edit_TyResult_y" text="0" padding="1,3,1,3" bordercolor="#FF4EA0D1" bordersize="1" />
		</HorizontalLayout>	
		<HorizontalLayout height="28" font="0" padding="1,1,1,1">
			<Label text="IDS:" width="25"/>
			<Label text="X" width="15"/>
			<Edit name="edit_IdsResult_x" text="0" padding="1,3,1,3" bordercolor="#FF4EA0D1" bordersize="1" />
			<Label text="Y" width="15"/>
			<Edit name="edit_IdsResult_y" text="0" padding="1,3,1,3" bordercolor="#FF4EA0D1" bordersize="1" />
		</HorizontalLayout>						
		<Label text="离线验证："/>
		<HorizontalLayout height="28" font="0" padding="10,1,3,1">
		<Option width="100" height="25" name="check_OfflineMode" padding="6,0,60,0" selectedimage="file='checkbox\btn_wnd_checkbox.png' dest='5,6,21,22' source='60,0,75,16' " selectedhotimage="file='checkbox\btn_wnd_checkbox.png' dest='5,6,21,22' source='75,0,90,16' " selectedpushedimage="file='checkbox\btn_wnd_checkbox.png' dest='5,6,21,22' source='90,0,105,16' " selectedfont="1" normalimage="file='checkbox\btn_wnd_checkbox.png' dest='5,6,21,22' source='0,0,15,16' " hotimage="file='checkbox\btn_wnd_checkbox.png' dest='5,6,21,22' source='15,0,30,16' " pushedimage="file='checkbox\btn_wnd_checkbox.png' dest='5,6,21,22' source='30,0,45,16' " disabledimage="file='checkbox\btn_wnd_checkbox.png' dest='5,6,21,22' source='45,0,60,16' " text="离线模式" textpadding="10,0,0,0" />
		<Button name="btn_SelectOfflineImage" height="35" text="选择文件" padding="1,0,3,0" borderround="3,3" normalimage="file='button_normal.png' corner='20,2,20,2'" hotimage="file='button_hover.png' corner='20,2,20,2'" pushedimage="file='button_pushed.png' corner='20,2,20,2'" />
		</HorizontalLayout>
		<Label text="点位圆心坐标："/>
		<HorizontalLayout height="28" font="0" padding="10,1,3,1">
			<Label text="Pos1：" width="60" />
			<Label text="PointX：" width="55" />
			<Edit name="edit_Pos1PointX" padding="3,3,10,3" bordercolor="#FF4EA0D1" bordersize="1" />
			<Label text="PointY：" width="55" />
			<Edit name="edit_Pos1PointY" padding="3,3,3,3" bordercolor="#FF4EA0D1" bordersize="1" />
		</HorizontalLayout>
		<HorizontalLayout height="28" font="0" padding="10,1,3,1">
			<Label text="Pos2：" width="60" />
			<Label text="PointX：" width="55" />
			<Edit name="edit_Pos2PointX" padding="3,3,10,3" bordercolor="#FF4EA0D1" bordersize="1" />
			<Label text="PointY：" width="55" />
			<Edit name="edit_Pos2PointY" padding="3,3,3,3" bordercolor="#FF4EA0D1" bordersize="1" />
		</HorizontalLayout>
		<HorizontalLayout height="28" font="0" padding="10,3,3,3">
			<Label text="Pos3：" width="60" />
			<Label text="PointX：" width="55" />
			<Edit name="edit_Pos3PointX" padding="3,3,10,3" bordercolor="#FF4EA0D1" bordersize="1" />
			<Label text="PointY：" width="55" />
			<Edit name="edit_Pos3PointY" padding="3,3,3,3" bordercolor="#FF4EA0D1" bordersize="1" />
		</HorizontalLayout>
		<Label text="拟合圆心结果："/>
		<HorizontalLayout height="28" font="0" padding="10,3,3,3">
			<Label text="X：" width="20" />
			<Edit name="edit_PointX" padding="3,3,3,3" bordercolor="#FF4EA0D1" bordersize="1" />
			<Label text="Y：" width="20" />
			<Edit name="edit_PointY" padding="3,3,3,3" bordercolor="#FF4EA0D1" bordersize="1" />
			<Label text="R：" width="20" />
			<Edit name="edit_PointR" padding="3,3,3,3" bordercolor="#FF4EA0D1" bordersize="1" />
		</HorizontalLayout>
	</VerticalLayout>
</Window>
