<?xml version="1.0" encoding="utf-8" standalone="yes"?>
<Window size="1600,900" sizebox="0,0,0,0" caption="0,0,0,0">
	<Font id="0" name="微软雅黑" size="14" default="true" />
	<Font id="1" name="微软雅黑" size="14" bold="true" />
	<Default name="VScrollBar" value="share=&quot;true&quot; button1normalimage=&quot;file='scroll.png' source='0,0,16,16'&quot; button1hotimage=&quot;file='scroll.png' source='0,0,16,16' mask='#FFFF00FF'&quot; button1pushedimage=&quot;file='scroll.png' source='0,16,16,32' mask='#FFFF00FF'&quot; button1disabledimage=&quot;file='scroll.png' source='0,0,16,16' mask='#FFFF00FF'&quot; button2normalimage=&quot;file='scroll.png' source='0,32,16,48' mask='#FFFF00FF'&quot; button2hotimage=&quot;file='scroll.png' source='0,32,16,48' mask='#FFFF00FF'&quot; button2pushedimage=&quot;file='scroll.png' source='0,48,16,64' mask='#FFFF00FF'&quot; button2disabledimage=&quot;file='scroll.png' source='0,32,16,48' mask='#FFFF00FF'&quot; thumbnormalimage=&quot;file='scroll.png' source='0,64,16,80' corner='2,2,2,2' mask='#FFFF00FF'&quot; thumbhotimage=&quot;file='scroll.png' source='0,64,16,80' corner='2,2,2,2' mask='#FFFF00FF'&quot; thumbpushedimage=&quot;file='scroll.png' source='0,64,16,80' corner='2,2,2,2' mask='#FFFF00FF'&quot; thumbdisabledimage=&quot;file='scroll.png' source='0,64,16,80' corner='2,2,2,2' mask='#FFFF00FF'&quot; railnormalimage=&quot;file='scroll.png' source='0,80,16,96' corner='2,2,2,2' mask='#FFFF00FF'&quot; railhotimage=&quot;file='scroll.png' source='0,80,16,96' corner='2,2,2,2' mask='#FFFF00FF'&quot; railpushedimage=&quot;file='scroll.png' source='0,96,16,112' corner='2,2,2,2' mask='#FFFF00FF'&quot; raildisabledimage=&quot;file='scroll.png' source='0,80,16,96' corner='2,2,2,2' mask='#FFFF00FF'&quot; bknormalimage=&quot;file='scroll.png' source='0,128,16,146' corner='2,2,2,2' mask='#FFFF00FF'&quot; bkhotimage=&quot;file='scroll.png' source='0,128,16,146' corner='2,2,2,2' mask='#FFFF00FF'&quot; bkpushedimage=&quot;file='scroll.png' source='0,128,16,146' corner='2,2,2,2' mask='#FFFF00FF'&quot; bkdisabledimage=&quot;file='scroll.png' source='0,128,16,146' corner='2,2,2,2' mask='#FFFF00FF'&quot; " />
	<Default name="HScrollBar" value="share=&quot;true&quot; button1normalimage=&quot;file='scrollH.png' source='0,0,16,16'&quot; button1hotimage=&quot;file='scrollH.png' source='0,0,16,16' mask='#FFFF00FF'&quot; button1pushedimage=&quot;file='scrollH.png' source='16,0,32,16' mask='#FFFF00FF'&quot; button1disabledimage=&quot;file='scrollH.png' source='0,0,16,16' mask='#FFFF00FF'&quot; button2normalimage=&quot;file='scrollH.png' source='32,0,48,16' mask='#FFFF00FF'&quot; button2hotimage=&quot;file='scrollH.png' source='32,0,48,16' mask='#FFFF00FF'&quot; button2pushedimage=&quot;file='scrollH.png' source='48,0,64,16' mask='#FFFF00FF'&quot; button2disabledimage=&quot;file='scrollH.png' source='32,0,48,16' mask='#FFFF00FF'&quot; thumbnormalimage=&quot;file='scrollH.png' source='64,0,80,16' corner='2,2,2,2' mask='#FFFF00FF'&quot; thumbhotimage=&quot;file='scrollH.png' source='64,0,80,16' corner='2,2,2,2' mask='#FFFF00FF'&quot; thumbpushedimage=&quot;file='scrollH.png' source='64,0,80,16' corner='2,2,2,2' mask='#FFFF00FF'&quot; thumbdisabledimage=&quot;file='scrollH.png' source='64,0,80,16' corner='2,2,2,2' mask='#FFFF00FF'&quot; railnormalimage=&quot;file='scrollH.png' source='80,0,96,16' corner='2,2,2,2' mask='#FFFF00FF'&quot; railhotimage=&quot;file='scrollH.png' source='80,0,96,16' corner='2,2,2,2' mask='#FFFF00FF'&quot; railpushedimage=&quot;file='scrollH.png' source='96,0,112,16' corner='2,2,2,2' mask='#FFFF00FF'&quot; raildisabledimage=&quot;file='scrollH.png' source='80,0,96,16' corner='2,2,2,2' mask='#FFFF00FF'&quot; bknormalimage=&quot;file='scrollH.png' source='128,0,146,16' corner='2,2,2,2' mask='#FFFF00FF'&quot; bkhotimage=&quot;file='scrollH.png' source='128,0,146,16' corner='2,2,2,2' mask='#FFFF00FF'&quot; bkpushedimage=&quot;file='scrollH.png' source='128,0,146,16' corner='2,2,2,2' mask='#FFFF00FF'&quot; bkdisabledimage=&quot;file='scrollH.png' source='128,0,146,16' corner='2,2,2,2' mask='#FFFF00FF'&quot; " />
	<Default name="Button" value="share=&quot;true&quot; normalimage=&quot;file='button_normal.png' corner='20,2,20,2'&quot; hotimage=&quot;file='button_hover.png' corner='20,2,20,2'&quot; pushedimage=&quot;file='button_pushed.png' corner='20,2,20,2'&quot; " />
	<HorizontalLayout inset="10,10,10,10" childpadding="10" bkcolor="#FFF7F6F6">
		<VerticalLayout width="400" childpadding="5">
			<List name="SectionList" vscrollbar="true" hscrollbar="true" bordercolor="#FF000000" bordersize="1" bkcolor="#FFFFFFFF" itemtextcolor="#FF000000" itembkcolor="#FFFFFFFF" itemselectedtextcolor="#FF000000" itemselectedbkcolor="#FFC1E3FF" itemhottextcolor="#FF000000" itemhotbkcolor="#FFE9F5FF" itemdisabledtextcolor="#FFCCCCCC" itemdisabledbkcolor="#FFFFFFFF">
				<ListHeaderItem text="Section" font="1" bkcolor="#FFE2DDDF" bordercolor="#FF000000" bordersize="1" endellipsis="true" sepwidth="1" align="left" textpadding="4,0,4,0" />
			</List>
			<HorizontalLayout childpadding="10" height="30">
				<Button name="btn_AddSection" text="Add section" width="100" height="30" />
				<Button name="btn_DelSection" text="Del section" width="100" height="30" />
				<HorizontalLayout />
				<Button name="btn_Reload" text="Reload" width="100" height="30" />
			</HorizontalLayout>
		</VerticalLayout>
		<VerticalLayout childpadding="5">
			<List name="KeyValueList" vscrollbar="true" hscrollbar="true" bordercolor="#FF000000" bordersize="1" bkcolor="#FFFFFFFF" itemtextcolor="#FF000000" itembkcolor="#FFFFFFFF" itemselectedtextcolor="#FF000000" itemselectedbkcolor="#FFC1E3FF" itemhottextcolor="#FF000000" itemhotbkcolor="#FFE9F5FF" itemdisabledtextcolor="#FFCCCCCC" itemdisabledbkcolor="#FFFFFFFF">
				<ListHeaderItem text="Key" font="1" bkcolor="#FFE2DDDF" bordercolor="#FF000000" bordersize="1" endellipsis="true" sepwidth="1" align="left" textpadding="4,0,4,0" />
				<ListHeaderItem text="Value" font="1" bkcolor="#FFE2DDDF" bordercolor="#FF000000" bordersize="1" endellipsis="true" sepwidth="1" align="left" textpadding="4,0,4,0" />
			</List>		
			<HorizontalLayout childpadding="10" height="30">
				<Button name="btn_AddKey" text="AddKey" width="100" height="30" />
				<Button name="btn_DelKey" text="DelKey" width="100" height="30" />
				<HorizontalLayout />
				<Button name="btn_Update" text="Update" width="100" height="30" />
				<Button name="btn_Save" text="Save" width="100" height="30" />
			</HorizontalLayout>
		</VerticalLayout>
	</HorizontalLayout>
</Window>
