<?xml version="1.0" encoding="utf-8" standalone="yes"?>
<Window sizebox="4,4,4,4" mininfo="1280,800">
	<Font id="0" name="微软雅黑" size="14" default="true" />
	<Font id="1" name="微软雅黑" size="14" bold="true" />
	<VerticalLayout bkcolor="#FFF0F0F0">
		<HorizontalLayout height="28" font="0" padding="0,1,1,1">
			<Option width="145" height="27" name="check_PnpCalibration" padding="0,0,2,0" selectedimage="file='checkbox\btn_wnd_checkbox.png' dest='5,6,21,22' source='60,0,75,16' " selectedhotimage="file='checkbox\btn_wnd_checkbox.png' dest='5,6,21,22' source='75,0,90,16' " selectedpushedimage="file='checkbox\btn_wnd_checkbox.png' dest='5,6,21,22' source='90,0,105,16' " selectedfont="1" normalimage="file='checkbox\btn_wnd_checkbox.png' dest='5,6,21,22' source='0,0,15,16' " hotimage="file='checkbox\btn_wnd_checkbox.png' dest='5,6,21,22' source='15,0,30,16' " pushedimage="file='checkbox\btn_wnd_checkbox.png' dest='5,6,21,22' source='30,0,45,16' " disabledimage="file='checkbox\btn_wnd_checkbox.png' dest='5,6,21,22' source='45,0,60,16' " text="PNP视觉中心校准" textpadding="15,0,0,0" />
			<Option width="90" height="27" name="check_NozzleCalibration" padding="0,0,2,0" selectedimage="file='checkbox\btn_wnd_checkbox.png' dest='5,6,21,22' source='60,0,75,16' " selectedhotimage="file='checkbox\btn_wnd_checkbox.png' dest='5,6,21,22' source='75,0,90,16' " selectedpushedimage="file='checkbox\btn_wnd_checkbox.png' dest='5,6,21,22' source='90,0,105,16' " selectedfont="1" normalimage="file='checkbox\btn_wnd_checkbox.png' dest='5,6,21,22' source='0,0,15,16' " hotimage="file='checkbox\btn_wnd_checkbox.png' dest='5,6,21,22' source='15,0,30,16' " pushedimage="file='checkbox\btn_wnd_checkbox.png' dest='5,6,21,22' source='30,0,45,16' " disabledimage="file='checkbox\btn_wnd_checkbox.png' dest='5,6,21,22' source='45,0,60,16' " text="吸嘴校准" textpadding="15,0,0,0" />
		</HorizontalLayout>
		<HorizontalLayout height="28" font="0" padding="5,1,1,1">
			<Label text="标定坐标:" width="70" />
			<Label text="X" width="20" align="right" />
			<Edit name="edit_normalX" padding="1,3,1,3" bordercolor="#FF4EA0D1" bordersize="1" />
			<Label text="Y" width="20" align="right" />
			<Edit name="edit_normalY" padding="1,3,1,3" bordercolor="#FF4EA0D1" bordersize="1" />
			<Label text="R" width="20" align="right" />
			<Edit name="edit_normalR" padding="1,3,1,3" bordercolor="#FF4EA0D1" bordersize="1" />
		</HorizontalLayout>
		<HorizontalLayout height="28" font="0" padding="5,1,1,1">
			<Label text="实际坐标:" width="70" />
			<Label text="X" width="20" align="right" />
			<Edit name="edit_actualX" padding="1,3,1,3" bordercolor="#FF4EA0D1" bordersize="1" />
			<Label text="Y" width="20" align="right" />
			<Edit name="edit_actualY" padding="1,3,1,3" bordercolor="#FF4EA0D1" bordersize="1" />
			<Label text="R" width="20" align="right" />
			<Edit name="edit_actualR" padding="1,3,1,3" bordercolor="#FF4EA0D1" bordersize="1" />
		</HorizontalLayout>
		<HorizontalLayout height="28" font="0" padding="5,1,1,1">
			<Label text="差异:" width="70" />
			<Label text="△X" width="20" align="right" />
			<Edit name="edit_deltaX" padding="1,3,1,3" bordercolor="#FF4EA0D1" bordersize="1" />
			<Label text="△Y" width="20" align="right" />
			<Edit name="edit_deltaY" padding="1,3,1,3" bordercolor="#FF4EA0D1" bordersize="1" />
			<Label text="△R" width="20" align="right" />
			<Edit name="edit_deltaR" padding="1,3,1,3" bordercolor="#FF4EA0D1" bordersize="1" />
		</HorizontalLayout>
	</VerticalLayout>
</Window>
