<?xml version="1.0" encoding="utf-8" standalone="yes"?>
<Window sizebox="4,4,4,4" mininfo="1280,800">
	<Font id="0" name="微软雅黑" size="12" default="true" />
	<Font id="1" name="微软雅黑" size="12" bold="true" />
	<VerticalLayout bkcolor="#FFF0F0F0" bkcolor2="#FFAAAAA0">
		<HorizontalLayout>
			<VerticalLayout width="350" padding="0,0,3,3" bordercolor="#FF768D9B" bordersize="1">
				<Label text="INIT" bkcolor="#FFC5D4F2" height="20" align="center" />
				<HorizontalLayout height="35" padding="10,3,3,3">
					<Button name="btn_DutInit" width="160" text="初始化" padding="3,3,3,3" borderround="3,3" normalimage="file='button_normal.png' corner='20,2,20,2'" hotimage="file='button_hover.png' corner='20,2,20,2'" pushedimage="file='button_pushed.png' corner='20,2,20,2'" />
				</HorizontalLayout>
				<HorizontalLayout height="35" padding="10,3,3,3">
					<Button name="btn_DutOpen" text="开机" padding="3,3,3,3" borderround="3,3" normalimage="file='button_normal.png' corner='20,2,20,2'" hotimage="file='button_hover.png' corner='20,2,20,2'" pushedimage="file='button_pushed.png' corner='20,2,20,2'" />
					<Button name="btn_DutClose" text="关机" padding="3,3,3,3" borderround="3,3" normalimage="file='button_normal.png' corner='20,2,20,2'" hotimage="file='button_hover.png' corner='20,2,20,2'" pushedimage="file='button_pushed.png' corner='20,2,20,2'" />
				</HorizontalLayout>
				<Label text="I2C(Senser Command)" bkcolor="#FFC5D4F2" height="20" align="center" />
				<HorizontalLayout height="30" padding="10,3,3,3">
					<Label text="Addr:" width="30" padding="3,3,3,3" borderround="3,3"/>
					<Edit name="edit_DutAddr" width="70" padding="3,3,3,3" bordercolor="#FF4EA0D1" bordersize="1" />
					<Label text="H" width="10" padding="3,3,3,3" borderround="3,3"/>
					<Button name="btn_ReadDutAddr" width="50" text="Read" padding="3,3,3,3" borderround="3,3" normalimage="file='button_normal.png' corner='20,2,20,2'" hotimage="file='button_hover.png' corner='20,2,20,2'" pushedimage="file='button_pushed.png' corner='20,2,20,2'" />
					<Option width="100" height="32" name="btn_SlaveTx" padding="3,0,50,0" selectedimage="file='checkbox\btn_wnd_radio.png' dest='5,6,21,22' source='60,0,75,16' " selectedhotimage="file='checkbox\btn_wnd_radio.png' dest='5,6,21,22' source='75,0,90,16' " selectedpushedimage="file='checkbox\btn_wnd_radio.png' dest='5,6,21,22' source='90,0,105,16' " group="group_options" selected="true" normalimage="file='checkbox\btn_wnd_radio.png' dest='5,6,21,22' source='0,0,15,16' " hotimage="file='checkbox\btn_wnd_radio.png' dest='5,6,21,22' source='15,0,30,16' " pushedimage="file='checkbox\btn_wnd_radio.png' dest='5,6,21,22' source='30,0,45,16' " disabledimage="file='checkbox\btn_wnd_radio.png' dest='5,6,21,22' source='45,0,60,16' " text="TX_SLAVE" textpadding="14,0,0,0" />
				</HorizontalLayout>
				<HorizontalLayout height="30" padding="10,3,3,3">
					<Label text="Data:" width="30" padding="3,3,3,3" borderround="3,3"/>
					<Edit name="edit_DutData" width="70" padding="3,3,3,3" bordercolor="#FF4EA0D1" bordersize="1" />
					<Label text="H" width="10" padding="3,3,3,3" borderround="3,3"/>
					<Button name="btn_ReadDutData" width="50" text="Write" padding="3,3,3,3" borderround="3,3" normalimage="file='button_normal.png' corner='20,2,20,2'" hotimage="file='button_hover.png' corner='20,2,20,2'" pushedimage="file='button_pushed.png' corner='20,2,20,2'" />
					<Option width="100" height="32" name="btn_SlaveRx" padding="3,0,50,0" selectedimage="file='checkbox\btn_wnd_radio.png' dest='5,6,21,22' source='60,0,75,16' " selectedhotimage="file='checkbox\btn_wnd_radio.png' dest='5,6,21,22' source='75,0,90,16' " selectedpushedimage="file='checkbox\btn_wnd_radio.png' dest='5,6,21,22' source='90,0,105,16' " group="group_options" normalimage="file='checkbox\btn_wnd_radio.png' dest='5,6,21,22' source='0,0,15,16' " hotimage="file='checkbox\btn_wnd_radio.png' dest='5,6,21,22' source='15,0,30,16' " pushedimage="file='checkbox\btn_wnd_radio.png' dest='5,6,21,22' source='30,0,45,16' " disabledimage="file='checkbox\btn_wnd_radio.png' dest='5,6,21,22' source='45,0,60,16' " text="RX_SLAVE" textpadding="14,0,0,0" />
				</HorizontalLayout>
				<Label text="OTHER" bkcolor="#FFC5D4F2" height="20" align="center" />
			</VerticalLayout>
			<VerticalLayout padding="0,0,3,3" bordercolor="#FF768D9B" bordersize="1">
				<Label text="Command" bkcolor="#FFC5D4F2" height="20" align="center" />
				<HorizontalLayout height="30" padding="1,0,1,3">
					<Edit name="dut_intput" bkcolor="#FFFFFFFF" />
					<Button name="btn_DutCommandSend"  width="70" text="Send" padding="3,3,3,3" borderround="3,3" normalimage="file='button_normal.png' corner='20,2,20,2'" hotimage="file='button_hover.png' corner='20,2,20,2'" pushedimage="file='button_pushed.png' corner='20,2,20,2'" />
					<Button name="btn_DutDisplayClear" width="70" text="Clear" padding="3,3,3,3" borderround="3,3" normalimage="file='button_normal.png' corner='20,2,20,2'" hotimage="file='button_hover.png' corner='20,2,20,2'" pushedimage="file='button_pushed.png' corner='20,2,20,2'" />
				</HorizontalLayout>	
				<Label text="OUTPUT" bkcolor="#FFC5D4F2" height="20" align="center" />
				<HorizontalLayout valign="top" padding="1,0,1,3">
					<List name="dut_output" vscrollbar="true"  hscrollbar="true"  header="hidden" multiline="true" wantreturn="true" valign="top" bkcolor="#FFFFFFFF" />
				</HorizontalLayout>	
			</VerticalLayout>
		</HorizontalLayout>
	</VerticalLayout>
</Window>
