<?xml version="1.0" encoding="utf-8" standalone="yes" ?>
<Window size="800,400" sizebox="4,4,4,4" caption="0,0,0,32" mininfo="600,400">
  <Font id="0" name="微软雅黑" size="12" bold="false" default="true" />
  <Font id="1" name="微软雅黑" size="12" bold="true"/>
  <VerticalLayout bkcolor="#FFF0F0F0" bkcolor2="#FFAAAAA0">
    <HorizontalLayout>
      <Progress name="ProgressDemo1" text="Progress" float="true" pos="30,28,0,0" width="139" height="30" foreimage="Progress/progress_fore.png" min="0" max="100" value="50" hor="true" align="center" />
      <Slider name="SliderDemo1" float="true" pos="30,77,0,0" width="139" height="18" thumbsize="12,20" bkimage="file='Slider/slider_fore.bmp' mask='0xffff00ff'" thumbimage="file='Slider/SliderBar.png' mask='0xffffffff'"/>
      <Combo name="ComboDemo1" float="true" pos="30,264,0,0" width="1200" height="30" normalimage="file='ComboBox/Combo_nor.bmp'" hotimage="file='ComboBox/Combo_over.bmp' " pushedimage="file='ComboBox/Combo_over.bmp' " >
        <ListLabelElement text="张三" selected="true" />
        <ListLabelElement text="李四" />
      </Combo>
      <TreeList name="ErrorList" float="true" pos="30,314,0,0" width="1216" height="466" vscrollbar="true" hscrollbar="true" bkcolor="#FFFFFFFF" itemtextcolor="#FF000000" itembkcolor="#FFFFFFFF" itemselectedtextcolor="#FF000000" itemselectedbkcolor="#FFC1E3FF" itemhottextcolor="#FF000000" itemhotbkcolor="#FFE9F5FF" itemdisabledtextcolor="#FFCCCCCC" itemdisabledbkcolor="#FFFFFFFF" >  
        <Default name="VScrollBar" value="button1normalimage=&quot;file=&apos;ScrollBar/scroll.png&apos; source=&apos;0,0,16,16&apos;&quot; button1hotimage=&quot;file=&apos;ScrollBar/scroll.png&apos; source=&apos;0,0,16,16&apos; mask=&apos;#FFFF00FF&apos;&quot; button1pushedimage=&quot;file=&apos;ScrollBar/scroll.png&apos; source=&apos;0,16,16,32&apos; mask=&apos;#FFFF00FF&apos;&quot; button1disabledimage=&quot;file=&apos;ScrollBar/scroll.png&apos; source=&apos;0,0,16,16&apos; mask=&apos;#FFFF00FF&apos;&quot; button2normalimage=&quot;file=&apos;ScrollBar/scroll.png&apos; source=&apos;0,32,16,48&apos; mask=&apos;#FFFF00FF&apos;&quot; button2hotimage=&quot;file=&apos;ScrollBar/scroll.png&apos; source=&apos;0,32,16,48&apos; mask=&apos;#FFFF00FF&apos;&quot; button2pushedimage=&quot;file=&apos;ScrollBar/scroll.png&apos; source=&apos;0,48,16,64&apos; mask=&apos;#FFFF00FF&apos;&quot; button2disabledimage=&quot;file=&apos;ScrollBar/scroll.png&apos; source=&apos;0,32,16,48&apos; mask=&apos;#FFFF00FF&apos;&quot; thumbnormalimage=&quot;file=&apos;ScrollBar/scroll.png&apos; source=&apos;0,64,16,80&apos; corner=&apos;2,2,2,2&apos; mask=&apos;#FFFF00FF&apos;&quot; thumbhotimage=&quot;file=&apos;ScrollBar/scroll.png&apos; source=&apos;0,64,16,80&apos; corner=&apos;2,2,2,2&apos; mask=&apos;#FFFF00FF&apos;&quot; thumbpushedimage=&quot;ffile=&apos;ScrollBar/scroll.png&apos; source=&apos;0,64,16,80&apos; corner=&apos;2,2,2,2&apos; mask=&apos;#FFFF00FF&apos;&quot; thumbdisabledimage=&quot;file=&apos;ScrollBar/scroll.png&apos; source=&apos;0,64,16,80&apos; corner=&apos;2,2,2,2&apos; mask=&apos;#FFFF00FF&apos;&quot; railnormalimage=&quot;file=&apos;ScrollBar/scroll.png&apos; source=&apos;0,80,16,96&apos; corner=&apos;2,2,2,2&apos; mask=&apos;#FFFF00FF&apos;&quot; railhotimage=&quot;file=&apos;ScrollBar/scroll.png&apos; source=&apos;0,80,16,96&apos; corner=&apos;2,2,2,2&apos; mask=&apos;#FFFF00FF&apos;&quot; railpushedimage=&quot;file=&apos;ScrollBar/scroll.png&apos; source=&apos;0,96,16,112&apos; corner=&apos;2,2,2,2&apos; mask=&apos;#FFFF00FF&apos;&quot; raildisabledimage=&quot;file=&apos;ScrollBar/scroll.png&apos; source=&apos;0,80,16,96&apos; corner=&apos;2,2,2,2&apos; mask=&apos;#FFFF00FF&apos;&quot; bknormalimage=&quot;file=&apos;ScrollBar/scroll.png&apos; source=&apos;0,128,16,146&apos; corner=&apos;2,2,2,2&apos; mask=&apos;#FFFF00FF&apos;&quot; bkhotimage=&quot;file=&apos;ScrollBar/scroll.png&apos; source=&apos;0,128,16,146&apos; corner=&apos;2,2,2,2&apos; mask=&apos;#FFFF00FF&apos;&quot; bkpushedimage=&quot;file=&apos;ScrollBar/scroll.png&apos; source=&apos;0,128,16,146&apos; corner=&apos;2,2,2,2&apos; mask=&apos;#FFFF00FF&apos;&quot; bkdisabledimage=&quot;file=&apos;ScrollBar/scroll.png&apos; source=&apos;0,128,16,146&apos; corner=&apos;2,2,2,2&apos; mask=&apos;#FFFF00FF&apos;&quot; " />
        <Default name="HScrollBar" value="button1normalimage=&quot;file=&apos;ScrollBar/scrollH.png&apos; source=&apos;0,0,16,16&apos;&quot; button1hotimage=&quot;file=&apos;ScrollBar/scrollH.png&apos; source=&apos;0,0,16,16&apos; mask=&apos;#FFFF00FF&apos;&quot; button1pushedimage=&quot;file=&apos;ScrollBar/scrollH.png&apos; source=&apos;16,0,32,16&apos; mask=&apos;#FFFF00FF&apos;&quot; button1disabledimage=&quot;file=&apos;ScrollBar/scrollH.png&apos; source=&apos;0,0,16,16&apos; mask=&apos;#FFFF00FF&apos;&quot; button2normalimage=&quot;file=&apos;ScrollBar/scrollH.png&apos; source=&apos;32,0,48,16&apos; mask=&apos;#FFFF00FF&apos;&quot; button2hotimage=&quot;file=&apos;ScrollBar/scrollH.png&apos; source=&apos;32,0,48,16&apos; mask=&apos;#FFFF00FF&apos;&quot; button2pushedimage=&quot;file=&apos;ScrollBar/scrollH.png&apos; source=&apos;48,0,64,16&apos; mask=&apos;#FFFF00FF&apos;&quot; button2disabledimage=&quot;file=&apos;ScrollBar/scrollH.png&apos; source=&apos;32,0,48,16&apos; mask=&apos;#FFFF00FF&apos;&quot; thumbnormalimage=&quot;file=&apos;ScrollBar/scrollH.png&apos; source=&apos;64,0,80,16&apos; corner=&apos;2,2,2,2&apos; mask=&apos;#FFFF00FF&apos;&quot; thumbhotimage=&quot;file=&apos;ScrollBar/scrollH.png&apos; source=&apos;64,0,80,16&apos; corner=&apos;2,2,2,2&apos; mask=&apos;#FFFF00FF&apos;&quot; thumbpushedimage=&quot;ffile=&apos;ScrollBar/scrollH.png&apos; source=&apos;64,0,80,16&apos; corner=&apos;2,2,2,2&apos; mask=&apos;#FFFF00FF&apos;&quot; thumbdisabledimage=&quot;file=&apos;ScrollBar/scrollH.png&apos; source=&apos;64,0,80,16&apos; corner=&apos;2,2,2,2&apos; mask=&apos;#FFFF00FF&apos;&quot; railnormalimage=&quot;file=&apos;ScrollBar/scrollH.png&apos; source=&apos;80,0,96,16&apos; corner=&apos;2,2,2,2&apos; mask=&apos;#FFFF00FF&apos;&quot; railhotimage=&quot;file=&apos;ScrollBar/scrollH.png&apos; source=&apos;80,0,96,16&apos; corner=&apos;2,2,2,2&apos; mask=&apos;#FFFF00FF&apos;&quot; railpushedimage=&quot;file=&apos;ScrollBar/scrollH.png&apos; source=&apos;96,0,112,16&apos; corner=&apos;2,2,2,2&apos; mask=&apos;#FFFF00FF&apos;&quot; raildisabledimage=&quot;file=&apos;ScrollBar/scrollH.png&apos; source=&apos;80,0,96,16&apos; corner=&apos;2,2,2,2&apos; mask=&apos;#FFFF00FF&apos;&quot; bknormalimage=&quot;file=&apos;ScrollBar/scrollH.png&apos; source=&apos;128,0,146,16&apos; corner=&apos;2,2,2,2&apos; mask=&apos;#FFFF00FF&apos;&quot; bkhotimage=&quot;file=&apos;ScrollBar/scrollH.png&apos; source=&apos;128,0,146,16&apos; corner=&apos;2,2,2,2&apos; mask=&apos;#FFFF00FF&apos;&quot; bkpushedimage=&quot;file=&apos;ScrollBar/scrollH.png&apos; source=&apos;128,0,146,16&apos; corner=&apos;2,2,2,2&apos; mask=&apos;#FFFF00FF&apos;&quot; bkdisabledimage=&quot;file=&apos;ScrollBar/scrollH.png&apos; source=&apos;128,0,146,16&apos; corner=&apos;2,2,2,2&apos; mask=&apos;#FFFF00FF&apos;&quot; " />
	  </TreeList>
      <Option name="OptionDemo1" text="Option1" float="true" pos="207,28,0,0" width="60" height="30" bkcolor="#FFC5D4F2" selectedtextcolor="#FF0000FF" selectedbkcolor="#FFC5D4F2" group="tabDemo" selected="true" />
      <Option name="OptionDemo2" text="Option2" float="true" pos="284,28,0,0" width="60" height="30" bkcolor="#FFFFDC78" group="tabDemo" />
      <Option name="OptionDemo3" text="Option3" float="true" pos="361,28,0,0" width="60" height="30" bkcolor="#FFBECEA1" group="tabDemo" />
      <TabLayout name="tabTest" float="true" pos="202,75,0,0" width="568" height="169" bkcolor="#FF757676">
        <HorizontalLayout>
          <Label text="Option1" bkcolor="#FFC5D4F2" align="center" />
        </HorizontalLayout>
        <Text   text="Option2" bkcolor="#FFFFDC78" align="centerwrap" height="160"/>
        <Button text="Option3" bkcolor="#FFBECEA1" align="centerwrap" width="300"/>
      </TabLayout>
    </HorizontalLayout>
  </VerticalLayout>
</Window>