<?xml version="1.0" encoding="UTF-8"?>
<Window size="1900,900">
	<Font id="0" name="微软雅黑" size="12" share="true" bold="true" />
	<Font id="5" name="微软雅黑" size="12" share="true" default="true" />
	<Default name="VScrollBar" value="share=&quot;true&quot; button1normalimage=&quot;file='scroll.png' source='0,0,16,16'&quot; button1hotimage=&quot;file='scroll.png' source='0,0,16,16' mask='#FFFF00FF'&quot; button1pushedimage=&quot;file='scroll.png' source='0,16,16,32' mask='#FFFF00FF'&quot; button1disabledimage=&quot;file='scroll.png' source='0,0,16,16' mask='#FFFF00FF'&quot; button2normalimage=&quot;file='scroll.png' source='0,32,16,48' mask='#FFFF00FF'&quot; button2hotimage=&quot;file='scroll.png' source='0,32,16,48' mask='#FFFF00FF'&quot; button2pushedimage=&quot;file='scroll.png' source='0,48,16,64' mask='#FFFF00FF'&quot; button2disabledimage=&quot;file='scroll.png' source='0,32,16,48' mask='#FFFF00FF'&quot; thumbnormalimage=&quot;file='scroll.png' source='0,64,16,80' corner='2,2,2,2' mask='#FFFF00FF'&quot; thumbhotimage=&quot;file='scroll.png' source='0,64,16,80' corner='2,2,2,2' mask='#FFFF00FF'&quot; thumbpushedimage=&quot;ffile='scroll.png' source='0,64,16,80' corner='2,2,2,2' mask='#FFFF00FF'&quot; thumbdisabledimage=&quot;file='scroll.png' source='0,64,16,80' corner='2,2,2,2' mask='#FFFF00FF'&quot; railnormalimage=&quot;file='scroll.png' source='0,80,16,96' corner='2,2,2,2' mask='#FFFF00FF'&quot; railhotimage=&quot;file='scroll.png' source='0,80,16,96' corner='2,2,2,2' mask='#FFFF00FF'&quot; railpushedimage=&quot;file='scroll.png' source='0,96,16,112' corner='2,2,2,2' mask='#FFFF00FF'&quot; raildisabledimage=&quot;file='scroll.png' source='0,80,16,96' corner='2,2,2,2' mask='#FFFF00FF'&quot; bknormalimage=&quot;file='scroll.png' source='0,128,16,146' corner='2,2,2,2' mask='#FFFF00FF'&quot; bkhotimage=&quot;file='scroll.png' source='0,128,16,146' corner='2,2,2,2' mask='#FFFF00FF'&quot; bkpushedimage=&quot;file='scroll.png' source='0,128,16,146' corner='2,2,2,2' mask='#FFFF00FF'&quot; bkdisabledimage=&quot;file='scroll.png' source='0,128,16,146' corner='2,2,2,2' mask='#FFFF00FF'&quot; " />
	<VerticalLayout bkcolor="0xFFF7F6F6" inset="20,10,20,10">
		<HorizontalLayout height="30" width="500" insert="10,10,10,10" childpadding="0">
			<Option name="Motion" text="Motion" normalimage="file='tabbar_normal.png' corner='20,2,20,2'" hotimage="file='tabbar_hover.png' corner='20,2,20,2'" pushedimage="file='tabbar_pushed.png' corner='20,2,20,2'" selectedimage="file='tabbar_pushed.png' corner='20,2,20,2'" font="0" group="tabDemo" selected="true" />
			<Option name="IO" text="IO" normalimage="tabbar_normal.png" hotimage="tabbar_hover.png" pushedimage="tabbar_pushed.png" selectedimage="tabbar_pushed.png" font="0" group="tabDemo" />
			<Option name="Eyebox" text="Eyebox" normalimage="tabbar_normal.png" hotimage="tabbar_hover.png" pushedimage="tabbar_pushed.png" selectedimage="tabbar_pushed.png" font="0" group="tabDemo" />
			<Option name="OQC" text="OQC" normalimage="tabbar_normal.png" hotimage="tabbar_hover.png" pushedimage="tabbar_pushed.png" selectedimage="tabbar_pushed.png" font="0" group="tabDemo" />
		</HorizontalLayout>
		<HorizontalLayout>
			<TabLayout name="tabTest" bkcolor="#FFFFFFFF" bordercolor="#FF768D9B" bordersize="1" inset="2,2,2,2">
				<HorizontalLayout>
					<Include source="SubPage_Motion.xml" />
				</HorizontalLayout>
				<HorizontalLayout>
					<Include source="SubPage_IO.xml" />
				</HorizontalLayout>
				<HorizontalLayout>
					<Include source="SubPage_Recipe.xml" />
				</HorizontalLayout>
				<HorizontalLayout>
					<Include source="SubPage_OQC.xml" />
				</HorizontalLayout>
			</TabLayout>
		</HorizontalLayout>
	</VerticalLayout>
</Window>
