<?xml version="1.0" encoding="UTF-8"?>
<Window>
	<Font id="6" name="微软雅黑" size="14" share="true" />
	<ListContainerElement>
		<HorizontalLayout>
			<Label name="Label_EyeBox_Index" font="6" height="30" text="1" align="center" bkcolor="0xFF969696" bordercolor="0xFFD2D2D2" bordersize="1" bordercolor="0xFFD2D2D2" focusbkcolor="0xFFA0C0FF" />
		</HorizontalLayout>
		<HorizontalLayout>
			<Edit name="Edit_IsEnable" font="6" height="30" text="1.0" focusbkcolor="0xFFA0C0FF" align="left" bordersize="1" bordercolor="0xFFD2D2D2" />
		</HorizontalLayout>
		<HorizontalLayout>
			<Edit name="Edit_EyeBox_X" font="6" height="30" text="1.0" focusbkcolor="0xFFA0C0FF" align="left" bordersize="1" bordercolor="0xFFD2D2D2" />
		</HorizontalLayout>
		<HorizontalLayout>
			<Edit name="Edit_EyeBox_Y" font="6" height="30" text="1.0" focusbkcolor="0xFFA0C0FF" align="left" bordersize="1" bordercolor="0xFFD2D2D2" />
		</HorizontalLayout>
		<HorizontalLayout>
			<Edit name="Edit_EyeBox_Z" font="6" height="30" text="1.0" focusbkcolor="0xFFA0C0FF" align="left" bordersize="1" bordercolor="0xFFD2D2D2" />
		</HorizontalLayout>
	</ListContainerElement>
</Window>
