<?xml version="1.0" encoding="UTF-8"?>
<Window size="1800,900">
	<HorizontalLayout bkcolor="0xFFF7F6F6" inset="20,10,20,10" childpadding="10">
		<HorizontalLayout width="500">
			<VerticalLayout>
				<HorizontalLayout height="25" maxheight="25" childpadding="10">
					<Text text="Zone List" font="0" align="left" />
					<Text text="Axis List" font="0" align="left" />
					<Text text="Position List" font="0" align="left" />
				</HorizontalLayout>
				<HorizontalLayout height="300" maxheight="300" childpadding="10">
					<List name="ZoneList" height="300" header="hidden" bordersize="1" bordercolor="#FF1B4876" itemselectedbkcolor="0xFFA0A0FF" itemhotbkcolor="#FFE9F5FF" bkcolor="0xFFFFFFFF" inset="3,3,3,3" />
					<List name="AxisList" height="300" header="hidden" bordersize="1" bkcolor="0xFFFFFFFF" bordercolor="#FF1B4876" itemselectedbkcolor="#0xFFA0A0FF" itemhotbkcolor="#FFE9F5FF" inset="3,3,3,3" />
					<List name="PosList" height="300" header="hidden" bordersize="1" bkcolor="0xFFFFFFFF" bordercolor="#FF1B4876" itemselectedbkcolor="#0xFFA0A0FF" itemhotbkcolor="#FFE9F5FF" inset="3,3,3,3" />
				</HorizontalLayout>
			</VerticalLayout>
		</HorizontalLayout>
		<HorizontalLayout width="300">
			<VerticalLayout>
				<Text name="Motion_Text_AxisName" text="Not choose" font="0" height="25" />
				<VerticalLayout name="Motion_Layout_Axis" enable="false" height="600" inset="10,10,10,10" bordersize="1" bordercolor="#0xFFD2D2D2">
					<HorizontalLayout>
						<Text text="AxisIndex:" height="25" align="left" />
						<Edit name="Motion_Edit_1" height="25" bordercolor="#FF4EA0D1" bordersize="1" bkcolor="0xFFF0F0F0" mouse="false" keyboard="false" />
					</HorizontalLayout>
					<HorizontalLayout>
						<Text text="Home speed:" height="25" align="left" />
						<Edit name="Motion_Edit_2" height="25" bordercolor="#FF4EA0D1" bordersize="1" />
					</HorizontalLayout>
					<HorizontalLayout>
						<Text text="Home acc:" height="25" align="left" />
						<Edit name="Motion_Edit_3" height="25" bordercolor="#FF4EA0D1" bordersize="1" />
					</HorizontalLayout>
					<HorizontalLayout>
						<Text text="Home vo:" height="25" align="left" />
						<Edit name="Motion_Edit_4" height="25" bordercolor="#FF4EA0D1" bordersize="1" />
					</HorizontalLayout>
					<HorizontalLayout>
						<Text text="Home curve:" height="25" align="left" />
						<Edit name="Motion_Edit_5" height="25" bordercolor="#FF4EA0D1" bordersize="1" />
					</HorizontalLayout>
					<HorizontalLayout>
						<Text text="Home mode:" height="25" align="left" />
						<Edit name="Motion_Edit_6" height="25" bordercolor="#FF4EA0D1" bordersize="1" />
					</HorizontalLayout>
					<HorizontalLayout>
						<Text text="Home dir:" height="25" align="left" />
						<Edit name="Motion_Edit_7" height="25" bordercolor="#FF4EA0D1" bordersize="1" />
					</HorizontalLayout>
					<HorizontalLayout>
						<Text text="Home Z(0,1):" height="25" align="left" />
						<Edit name="Motion_Edit_8" height="25" bordercolor="#FF4EA0D1" bordersize="1" />
					</HorizontalLayout>
					<HorizontalLayout>
						<Text text="Home offset:" height="25" align="left" />
						<Edit name="Motion_Edit_9" height="25" bordercolor="#FF4EA0D1" bordersize="1" />
					</HorizontalLayout>
					<HorizontalLayout>
						<Text text="Manual speed:" height="25" align="left" />
						<Edit name="Motion_Edit_10" height="25" bordercolor="#FF4EA0D1" bordersize="1" />
					</HorizontalLayout>
					<HorizontalLayout>
						<Text text="Software pel:" height="25" align="left" />
						<Edit name="Motion_Edit_11" height="25" bordercolor="#FF4EA0D1" bordersize="1" />
					</HorizontalLayout>
					<HorizontalLayout>
						<Text text="Software nel:" height="25" align="left" />
						<Edit name="Motion_Edit_12" height="25" bordercolor="#FF4EA0D1" bordersize="1" />
					</HorizontalLayout>
					<HorizontalLayout>
						<Text text="In place delay:" height="25" align="left" />
						<Edit name="Motion_Edit_13" height="25" bordercolor="#FF4EA0D1" bordersize="1" />
					</HorizontalLayout>
					<HorizontalLayout>
						<Text text="Allowable error:" height="25" align="left" />
						<Edit name="Motion_Edit_14" height="25" bordercolor="#FF4EA0D1" bordersize="1" />
					</HorizontalLayout>
					<HorizontalLayout>
						<Text text="Home offset:" height="25" align="left" />
						<Edit name="Motion_Edit_15" height="25" bordercolor="#FF4EA0D1" bordersize="1" />
					</HorizontalLayout>
					<HorizontalLayout>
						<CheckBox name="SelectChange" text="SelectChange" height="25" endellipsis="true" textcolor="0xFF000000" hottextcolor="#FF386382" selectedtextcolor="#FF386382" disabledtextcolor="#FFbac0c5" textpadding="40,0,0,0" align="left" selectedimage="file='checkbox_p.png' dest='0,2,15,17'" normalimage="file='checkbox_h.png' dest='0,2,15,17'" />
					</HorizontalLayout>
					<VerticalLayout height="100" inset="5,5,5,5" childpadding="2" bordercolor="0xFFD2D2D2" bordersize="1">
						<HorizontalLayout>
							<Text text="pluse/mm:" height="25" align="left" />
							<Edit name="Motion_Edit_MotorScare" height="25" disabledbkcolor="0xFFA0A0A4" bordercolor="#FF4EA0D1" bordersize="1" enabled="false" />
						</HorizontalLayout>
						<HorizontalLayout>
							<Text text="" width="50" />
							<CheckBox enable="false" name="Motion_Check_SWLimit" text="Is soft ware limit used" height="25" disabledbkcolor="0xFFA0A0A4" endellipsis="true" textcolor="0xFF000000" hottextcolor="#FF386382" selectedtextcolor="#FF386382" disabledtextcolor="#FFbac0c5" textpadding="40,0,0,0" align="left" selectedimage="file='checkbox_p.png' dest='0,2,15,17'" normalimage="file='checkbox_h.png' dest='0,2,15,17'" />
						</HorizontalLayout>
						<HorizontalLayout>
							<Text text="" width="50" />
							<CheckBox enable="false" name="Motion_Check_IsServoMotor" text="Is it a servo motor" height="25" disabledbkcolor="0xFFA0A0A4" endellipsis="true" textcolor="0xFF000000" hottextcolor="#FF386382" selectedtextcolor="#FF386382" disabledtextcolor="#FFbac0c5" textpadding="40,0,0,0" align="left" selectedimage="file='checkbox_p.png' dest='0,2,15,17'" normalimage="file='checkbox_h.png' dest='0,2,15,17'" />
						</HorizontalLayout>
					</VerticalLayout>
				</VerticalLayout>
			</VerticalLayout>
		</HorizontalLayout>
		<VerticalLayout width="400" height="620">
			<VerticalLayout height="300">
				<Text name="Motion_Text_AxisPos" text="Not choose" font="0" height="25" />
				<VerticalLayout name="Motion_Layout_Pos" enable="false" inset="10,10,10,10" bordersize="1" bordercolor="#0xFFD2D2D2">
					<HorizontalLayout childpadding="5">
						<Text text="Current pos(mm):" height="25" />
						<Edit name="Motion_Edit_CurPos" height="25" bordersize="1" bordercolor="#FF4EA0D1" readonly="true" bkcolor="0xFFF0F0F0" mouse="false" keyboard="false" />
						<Button text="Apply" name="btnApply" height="25" normalimage="file='button_normal.png' corner='20,2,20,2'" hotimage="file='button_hover.png' corner='20,2,20,2'" pushedimage="file='button_pushed.png' corner='20,2,20,2'" />
					</HorizontalLayout>
					<HorizontalLayout childpadding="5">
						<Text text="Teaching pos(mm):" height="25" />
						<Edit name="Motion_Edit_TeachingPos" height="25" bordercolor="#FF4EA0D1" bordersize="1" bkcolor="0xFFF0F0F0" mouse="false" keyboard="false" />
						<Button text="Move to current" name="btnMoveTo" height="25" normalimage="file='button_normal.png' corner='20,2,20,2'" hotimage="file='button_hover.png' corner='20,2,20,2'" pushedimage="file='button_pushed.png' corner='20,2,20,2'" />
					</HorizontalLayout>
					<HorizontalLayout childpadding="5">
						<Text text="Move distance(mm):" height="25" />
						<Container>
							<Combo name="Motion_Cmb_MoveDistance" float="true" height="25" width="120" normalimage="file='Combo_nor.bmp' corner='2,2,24,2'" hotimage="file='Combo_over.bmp' corner='2,2,24,2'" itemfont="5" font="5" scrollselect="true" vscrollbar="true">
								<ListLabelElement text="0.05" selected="true" />
								<ListLabelElement text="0.01" />
								<ListLabelElement text="0.5" />
								<ListLabelElement text="0.1" />
								<ListLabelElement text="5" />
								<ListLabelElement text="1" />
								<ListLabelElement text="10" />
							</Combo>
							<Edit name="Motion_Edit_MoveDistance" float="true" height="25" width="100" bordercolor="#FF4EA0D1" bordersize="1" font="5" />
						</Container>
						<Button text="Home" name="btnHome" height="25" normalimage="file='button_normal.png' corner='20,2,20,2'" hotimage="file='button_hover.png' corner='20,2,20,2'" pushedimage="file='button_pushed.png' corner='20,2,20,2'" />
					</HorizontalLayout>
					<HorizontalLayout childpadding="5">
						<Text text="Auto speed:" height="25" />
						<Edit name="Motion_Edit_AutoSpeed" height="25" bordercolor="#FF4EA0D1" bordersize="1" />
						<Text text="" height="25" />
					</HorizontalLayout>
					<HorizontalLayout childpadding="5">
						<Text text="Auto acc:" height="25" />
						<Edit name="Motion_Edit_AutoAcc" height="25" bordercolor="#FF4EA0D1" bordersize="1" />
						<Text text="" height="25" />
					</HorizontalLayout>
					<HorizontalLayout childpadding="5">
						<Text text="Auto dec:" height="25" />
						<Edit name="Motion_Edit_AutoDec" height="25" bordercolor="#FF4EA0D1" bordersize="1" />
						<Text text="" height="25" />
					</HorizontalLayout>
					<HorizontalLayout childpadding="5">
						<Text text="Auto curve speed:" height="25" />
						<Edit name="Motion_Edit_AutoCurve" height="25" bordercolor="#FF4EA0D1" bordersize="1" />
						<Text text="" height="25" />
					</HorizontalLayout>
					<HorizontalLayout>
						<Edit name="Motion_Edit_Record" height="25" bordercolor="#FF4EA0D1" bordersize="1" bkcolor="0xFFF0F0F0" mouse="false" keyboard="false" />
					</HorizontalLayout>
				</VerticalLayout>
			</VerticalLayout>
			<Text text="Operation" maxheight="25" font="0" />
			<VerticalLayout height="300">
				<VerticalLayout inset="10,10,10,10" bordersize="1" bordercolor="#0xFFD2D2D2">
					<HorizontalLayout childpadding="10">
						<Button text="Servo" name="btnServo" height="25" normalimage="file='button_normal.png' corner='20,2,20,2'" hotimage="file='button_hover.png' corner='20,2,20,2'" pushedimage="file='button_pushed.png' corner='20,2,20,2'" />
						<Button text="Save Param" name="btnSaveParam" height="25" normalimage="file='button_normal.png' corner='20,2,20,2'" hotimage="file='button_hover.png' corner='20,2,20,2'" pushedimage="file='button_pushed.png' corner='20,2,20,2'" />
						<Button text="Stop" name="btnStop" height="25" normalimage="file='button_normal.png' corner='20,2,20,2'" hotimage="file='button_hover.png' corner='20,2,20,2'" pushedimage="file='button_pushed.png' corner='20,2,20,2'" />
					</HorizontalLayout>
					<HorizontalLayout childpadding="10">
						<Text text="" height="25" />
						<Button text="↑" name="btnUp" height="25" normalimage="file='button_normal.png' corner='20,2,20,2'" hotimage="file='button_hover.png' corner='20,2,20,2'" pushedimage="file='button_pushed.png' corner='20,2,20,2'" />
						<Text text="" height="25" />
					</HorizontalLayout>
					<HorizontalLayout childpadding="10">
						<Button text="←" name="btnLeft" height="25" normalimage="file='button_normal.png' corner='20,2,20,2'" hotimage="file='button_hover.png' corner='20,2,20,2'" pushedimage="file='button_pushed.png' corner='20,2,20,2'" />
						<Text text="" height="25" />
						<Button text="→" name="btnRight" height="25" normalimage="file='button_normal.png' corner='20,2,20,2'" hotimage="file='button_hover.png' corner='20,2,20,2'" pushedimage="file='button_pushed.png' corner='20,2,20,2'" />
					</HorizontalLayout>
					<HorizontalLayout childpadding="10">
						<Text text="" height="25" />
						<Button text="↓" name="btnDown" height="25" normalimage="file='button_normal.png' corner='20,2,20,2'" hotimage="file='button_hover.png' corner='20,2,20,2'" pushedimage="file='button_pushed.png' corner='20,2,20,2'" />
						<Text text="" height="25" />
					</HorizontalLayout>
				</VerticalLayout>
			</VerticalLayout>
		</VerticalLayout>
		<HorizontalLayout width="60">
			<VerticalLayout childpadding="60">
				<VerticalLayout float="true" pos="0,20,60,620" childpadding="60" maxheight="500" inset="2,20,2,20" bordersize="1" bordercolor="#0xFFD2D2D2">
					<Label text="Alarm" name="labelAlarm" height="55" align="center" bkcolor="0xFF00FF00" />
					<Label text="Servo" name="labelServo" height="55" align="center" bkcolor="0xFF00FF00" />
					<Label text="PEL" name="labelPEL" height="55" align="center" bkcolor="0xFF00FF00" />
					<Label text="ORG" name="labelORG" height="55" align="center" bkcolor="0xFF00FF00" />
					<Label text="NEL" name="labelNEL" height="55" align="center" bkcolor="0xFF00FF00" />
				</VerticalLayout>
			</VerticalLayout>
		</HorizontalLayout>
		<HorizontalLayout width="400">
			<VerticalLayout height="620">
				<Text text="MotionLock" height="25" align="left" font="0" />
				<VerticalLayout height="320" bordercolor="0xFFD2D2D2" bordersize="1" inset="2,2,2,2">
					<List name="Motion_List_Lock" width="400" bkcolor="#FFFFFFFF" itemshowhtml="true" headerbkimage="file='list_header_bg.png'" itemalign="l" itembkcolor="0xFFFFFFFF" itemselectedbkcolor="0xFF0000FF" menu="true" itemaltbk="true" itemlinecolor="0xFF000000">
						<ListHeader bkcolor="0xFF969696" bordercolor="0xFFD2D2D2" bordersize="1" sepwidth="2" sepimm="true">
							<ListHeaderItem text="AxisName" font="0" bordercolor="0xFF000000" bordersize="1" width="150" endellipsis="true" font="1" normalimage="headerctrl_normal.bmp" hotimage="headerctrl_hot.bmp" pushedimage="headerctrl_down.bmp" sepimage="Headerctrl_Sperator.bmp" sepwidth="2" />
							<ListHeaderItem text="SW_MIN" font="0" bordercolor="0xFF000000" bordersize="1" endellipsis="true" font="1" normalimage="headerctrl_normal.bmp" hotimage="headerctrl_hot.bmp" pushedimage="headerctrl_down.bmp" sepimage="Headerctrl_Sperator.bmp" sepwidth="2" />
							<ListHeaderItem text="SW_MAX" font="0" bordercolor="0xFF000000" bordersize="1" endellipsis="true" font="1" normalimage="headerctrl_normal.bmp" hotimage="headerctrl_hot.bmp" pushedimage="headerctrl_down.bmp" sepimage="Headerctrl_Sperator.bmp" sepwidth="2" />
							<ListHeaderItem text="CurPos" font="0" bordercolor="0xFF000000" bordersize="1" endellipsis="true" font="1" normalimage="headerctrl_normal.bmp" hotimage="headerctrl_hot.bmp" pushedimage="headerctrl_down.bmp" sepimage="Headerctrl_Sperator.bmp" sepwidth="2" />
						</ListHeader>
					</List>
					<HorizontalLayout height="25" inset="2,2,2,2">
						<Text text="DutZ &amp; LightSourceZ interference distance" align="left" />
						<Edit name="Motion_Edit_CurZInterference" width="50" bordercolor="#FF4EA0D1" bordersize="1" bkcolor="0xFFF0F0F0" mouse="false" keyboard="false" />
						<Text text="&lt;" width="30" />
						<Edit name="Motion_Edit_SettingZInterference" width="50" bordercolor="#FF4EA0D1" bordersize="1" bkcolor="0xFFF0F0F0" mouse="false" keyboard="false" />
					</HorizontalLayout>
				</VerticalLayout>
				<Text text="SafetySensor And ThermoHygro" height="25" align="left" font="0" />
				<VerticalLayout bordercolor="0xFFD2D2D2" bordersize="1" inset="10,10,10,10">
					<HorizontalLayout childpadding="5">
						<Text text="Connect state:" height="25" />
						<Label name="Motion_Label_SensorState" text="sersor state" align="center" height="25" bkcolor="0xFF00FF00" bordersize="1" bordercolor="0xFF000000" />
						<Button text="Reconnect" name="btnSensorReconnect" height="25" normalimage="file='button_normal.png' corner='20,2,20,2'" hotimage="file='button_hover.png' corner='20,2,20,2'" pushedimage="file='button_pushed.png' corner='20,2,20,2'" />
					</HorizontalLayout>
					<HorizontalLayout childpadding="5">
						<Text text="Read left:" height="25" />
						<Edit name="Motion_Edit_SensorValueL" height="25" bordercolor="#FF4EA0D1" bordersize="1" bkcolor="0xFFF0F0F0" mouse="false" keyboard="false" />
						<Button text="ReadValue" name="btnReadLeft" height="25" normalimage="file='button_normal.png' corner='20,2,20,2'" hotimage="file='button_hover.png' corner='20,2,20,2'" pushedimage="file='button_pushed.png' corner='20,2,20,2'" />
					</HorizontalLayout>
					<HorizontalLayout childpadding="5">
						<Text text="Read right:" height="25" />
						<Edit name="Motion_Edit_SensorValueR" height="25" bordercolor="#FF4EA0D1" bordersize="1" bkcolor="0xFFF0F0F0" mouse="false" keyboard="false" />
						<Button text="ReadValue" name="btnReadRight" height="25" normalimage="file='button_normal.png' corner='20,2,20,2'" hotimage="file='button_hover.png' corner='20,2,20,2'" pushedimage="file='button_pushed.png' corner='20,2,20,2'" />
					</HorizontalLayout>
					<HorizontalLayout childpadding="5">
						<Text text="Connect state:" height="25" />
						<Label name="Motion_Label_THState" text="TH state" align="center" height="25" bkcolor="0xFF00FF00" bordersize="1" bordercolor="0xFF000000"/>
						<Button text="Reconnect" name="btnTHReconnect" height="25" normalimage="file='button_normal.png' corner='20,2,20,2'" hotimage="file='button_hover.png' corner='20,2,20,2'" pushedimage="file='button_pushed.png' corner='20,2,20,2'" />
					</HorizontalLayout>
					<HorizontalLayout childpadding="5">
						<Text text="Temperature:" height="25" />
						<Edit name="Motion_Edit_Temperature" height="25" bordercolor="#FF4EA0D1" bordersize="1" bkcolor="0xFFF0F0F0" mouse="false" keyboard="false" />
						<Button text="Get temperature" name="btnGetTemperature" height="25" normalimage="file='button_normal.png' corner='20,2,20,2'" hotimage="file='button_hover.png' corner='20,2,20,2'" pushedimage="file='button_pushed.png' corner='20,2,20,2'" />
					</HorizontalLayout>
					<HorizontalLayout childpadding="5">
						<Text text="Humidity:" height="25" />
						<Edit name="Motion_Edit_Humidity" height="25" bordercolor="#FF4EA0D1" bordersize="1" bkcolor="0xFFF0F0F0" mouse="false" keyboard="false" />
						<Text text="" height="25" />
					</HorizontalLayout>
				</VerticalLayout>
			</VerticalLayout>
		</HorizontalLayout>
	</HorizontalLayout>
</Window>
