<?xml version="1.0" encoding="UTF-8"?>
<!--窗体定义size=初始尺寸;sizebox=可拖动改变窗口大小的边距;caption=可拖动的标题栏大小的边距;showshadow=阴影窗口;shadowsize=阴影大小;shadowposition=阴影位置;shadowcolor=阴影颜色;forcehsl=启用hsl模式-->
<Window size="1920,1080" sizebox="0,0,4,4" caption="0,0,0,22" showshadow="true" shadowsize="2" shadowposition="2,2" shadowcolor="#FF4B4B4B" forcehsl="true">
	<!--字体定义 id=字体编号;name=字体名称;size=字体大小;bold=是否粗体-->
	<Font id="0" name="微软雅黑" size="14" bold="false" default="true" />
	<Font id="1" name="微软雅黑" size="14" bold="true"/>
	<VerticalLayout name="vControl" inset="1,1,1,1" bkcolor="#FFFFFFFF" bordercolor="#FF969696" bordersize="1">
		<HorizontalLayout height="20" childpadding="2" childvalign="vcenter" bkcolor="#FF4F4F4F">
			<Option name="system" width="60" height="20" group="group_menu" hotbkcolor="#FFA6CAF0" textcolor="#FFFFFFFF" text="System" />
			<Option name="control" width="70" height="20" group="group_menu" hotbkcolor="#FFA6CAF0" textcolor="#FFFFFFFF" text="Control" />
			<Option name="view" width="40" height="20" group="group_menu" hotbkcolor="#FFA6CAF0" textcolor="#FFFFFFFF" text="View" />
			<Option name="language" width="80" height="20" group="group_menu" hotbkcolor="#FFA6CAF0" textcolor="#FFFFFFFF" text="Language" />
			<Option name="help" width="40" height="20" group="group_menu" hotbkcolor="#FFA6CAF0" textcolor="#FFFFFFFF" text="Help" />
		</HorizontalLayout>
		<HorizontalLayout name="main">
			<VerticalLayout width="62" childpadding="1" childalign="center" bkcolor="#FFF7F6F6" bordercolor="#FF969696" bordersize="1">
				<Button name="userbtn" width="60" height="60" normalimage="file='user.png' dest='5,5,55,55'" tooltip="用户登录" />
				<Button name="systembtn" width="60" height="60" normalimage="file='sysSetting.png' dest='5,5,55,55'" tooltip="参数设置" />
				<Control width="60" height="1" bkcolor="#FFDBDBDB" />
				<Button name="startbtn" width="60" height="60" normalimage="file='sys_start.png' dest='5,5,55,55'" disabledimage="file='sys_start.png' dest='5,5,55,55' fade='96'" tooltip="开始测试" />
				<Button name="pausebtn" width="60" height="60" normalimage="file='sys_pause.png' dest='5,5,55,55'" disabledimage="file='sys_pause.png' dest='5,5,55,55' fade='96'" tooltip="暂停测试" />
				<Button name="stopbtn" width="60" height="60" normalimage="file='sys_stop.png' dest='5,5,55,55'" disabledimage="file='sys_stop.png' dest='5,5,55,55' fade='96'" tooltip="结束测试" />
				<Button name="resetbtn" width="60" height="60" normalimage="file='sys_reset.png' dest='5,5,55,55'" disabledimage="file='sys_reset.png' dest='5,5,55,55' fade='96'" tooltip="重置测试" />
				<Control width="60" height="1" bkcolor="#FFDBDBDB" />
				<Option name="mainbtn" width="60" height="60" normalimage="file='pro_main.png' dest='5,5,55,55'" group="group_page" selected="true" />
				<Option name="configbtn" width="60" height="60" normalimage="file='pro_config.png' dest='5,5,55,55'" group="group_page" />
				<Option name="manualbtn" width="60" height="60" normalimage="file='pro_manual.png' dest='5,5,55,55'" group="group_page" />
				<Option name="logbtn" width="60" height="60" normalimage="file='pro_log.png' dest='5,5,55,55'" group="group_page" />
				<Option name="editbtn" width="60" height="60" normalimage="file='pro_edit.png' dest='5,5,55,55'" group="group_page" />
				<Option name="testbtn" width="60" height="60" normalimage="file='pro_test.png' dest='5,5,55,55'" group="group_page" />
				<VerticalLayout />
				<Button name="alarmbtn" width="60" height="60" normalimage="alarm.png" borderround="25,25" tooltip="报警处理" />
				<VerticalLayout />
				<Button name="minbtn" width="60" height="60" normalimage="file='min.png' dest='5,5,55,55'" tooltip="最小化" />
				<Button name="closebtn" width="60" height="60" normalimage="file='exit.png' dest='5,5,55,55'" tooltip="关闭" />
			</VerticalLayout>
			<VerticalLayout inset="0,0,1,1" bkcolor="#FFFFFFFF" bordercolor="#FF969696" bordersize="1">
				<HorizontalLayout name="titleLayout" height="120" bkcolor="#FFFFFFFF" bordercolor="#FFC0C0C0" bordersize="1" >			
					<Include source="TitleBar.xml" />
				</HorizontalLayout>
				<TabLayout name="Tab_Page" height="25">
					<HorizontalLayout name="Page_Main" bkcolor="#FFF7F6F6" sepwidth="1" childpadding="1" childvalign="vcenter" childalign="left" />
					<HorizontalLayout name="Page_Config" bkcolor="#FFF7F6F6" sepwidth="1" childpadding="1" childvalign="vcenter" childalign="left" />								
					<HorizontalLayout name="Page_Manual" bkcolor="#FFF7F6F6" sepwidth="1" childpadding="1" childvalign="vcenter" childalign="left" />	
					<HorizontalLayout name="Page_Log" bkcolor="#FFF7F6F6" sepwidth="1" childpadding="1" childvalign="vcenter" childalign="left" />
					<HorizontalLayout name="Page_Edit" bkcolor="#FFF7F6F6" sepwidth="1" childpadding="1" childvalign="vcenter" childalign="left" />
					<HorizontalLayout name="Page_Test" bkcolor="#FFF7F6F6" sepwidth="1" childpadding="1" childvalign="vcenter" childalign="left" />									
				</TabLayout>
				<HorizontalLayout name="Tab_Frame" bkcolor="#FFF7F6F6" />
			</VerticalLayout>
		</HorizontalLayout>
	</VerticalLayout>
</Window>
