<?xml version="1.0" encoding="utf-8" standalone="yes"?>
<Window size="450,300" sizebox="0,0,0,0" caption="0,0,0,32">
	<Font id="0" name="微软雅黑" size="14" default="true" />
	<Font id="1" name="微软雅黑" size="14" bold="true" />
	<Font id="2" name="微软雅黑" size="16" />
	<Default name="Button" value="share=&quot;true&quot; normalimage=&quot;file='button_normal.png' corner='20,2,20,2'&quot; hotimage=&quot;file='button_hover.png' corner='20,2,20,2'&quot; pushedimage=&quot;file='button_pushed.png' corner='20,2,20,2'&quot; " />
	<Default name="CheckBox" value="share=&quot;true&quot; normalimage=&quot;file='checkbox_h.png' dest='3,8,18,23'&quot; selectedimage=&quot;file='checkbox_p.png' dest='3,8,18,23'&quot; " />
	<VerticalLayout bkcolor="#FFF7F6F6" bordercolor="#FF000000" bordersize="1">
		<HorizontalLayout inset="1,1,1,1" bordercolor="#FF000000" bordersize="1" height="32">
			<Label text="Login" font="2" bkcolor="#FFFFFFFF" align="left" textpadding="10" height="30" />	
		</HorizontalLayout>
		<VerticalLayout inset="10,10,10,10" childpadding="10">
			<VerticalLayout inset="0,40,0,40" childpadding="20" bordercolor="#FF808080" bordersize="1">
				<HorizontalLayout inset="30,0,30,0" childpadding="20" height="30">
					<Label text="Operator:" maxwidth="80" />
					<Combo name="Combo_Operator" textpadding="4,0,4,0" bordercolor="#FF808080" bordersize="1" normalimage="file='Combo_nor.bmp' corner='2,2,24,2'" hotimage="file='Combo_over.bmp' corner='2,2,24,2'">
						<ListLabelElement name="Item_Operator" text="Operator" selected="true" />
						<ListLabelElement name="Item_Engineer" text="Engineer" />
						<ListLabelElement name="Item_Administrator" text="Administrator" />
					</Combo>
				</HorizontalLayout>
				<HorizontalLayout inset ="30,0,30,0" childpadding="20" height="30">
					<Label text="Password:" maxwidth="80" />
					<Edit name="Edit_Password" bkcolor="#FFFFFFFF" textpadding="4,0,4,0" bordercolor="#FF808080" bordersize="1" />
				</HorizontalLayout>
				<HorizontalLayout inset ="30,0,30,0" height="30">
					<CheckBox name="chk_Startup" text="Show this dialog when start up." align="left" textpadding="40,0,0,0" />
				</HorizontalLayout>
			</VerticalLayout>	
			<HorizontalLayout height="30" childpadding="10">
				<VerticalLayout />
				<Button name="btn_Ok" text="OK" width="75" height="30" />
				<Button name="btn_Cancel" text="Cancel" width="75" height="30" />
			</HorizontalLayout>		
		</VerticalLayout>
	</VerticalLayout>
</Window>
