<?xml version="1.0" encoding="utf-8" standalone="yes"?>
<Window size="1600,900" sizebox="0,0,0,0" caption="0,0,0,32">
	<Font id="0" name="微软雅黑" size="14" default="true" />
	<Font id="1" name="微软雅黑" size="14" bold="true" />
	<Font id="2" name="微软雅黑" size="16" />
	<Default name="VScrollBar" value="share=&quot;true&quot; button1normalimage=&quot;file='scroll.png' source='0,0,16,16'&quot; button1hotimage=&quot;file='scroll.png' source='0,0,16,16' mask='#FFFF00FF'&quot; button1pushedimage=&quot;file='scroll.png' source='0,16,16,32' mask='#FFFF00FF'&quot; button1disabledimage=&quot;file='scroll.png' source='0,0,16,16' mask='#FFFF00FF'&quot; button2normalimage=&quot;file='scroll.png' source='0,32,16,48' mask='#FFFF00FF'&quot; button2hotimage=&quot;file='scroll.png' source='0,32,16,48' mask='#FFFF00FF'&quot; button2pushedimage=&quot;file='scroll.png' source='0,48,16,64' mask='#FFFF00FF'&quot; button2disabledimage=&quot;file='scroll.png' source='0,32,16,48' mask='#FFFF00FF'&quot; thumbnormalimage=&quot;file='scroll.png' source='0,64,16,80' corner='2,2,2,2' mask='#FFFF00FF'&quot; thumbhotimage=&quot;file='scroll.png' source='0,64,16,80' corner='2,2,2,2' mask='#FFFF00FF'&quot; thumbpushedimage=&quot;file='scroll.png' source='0,64,16,80' corner='2,2,2,2' mask='#FFFF00FF'&quot; thumbdisabledimage=&quot;file='scroll.png' source='0,64,16,80' corner='2,2,2,2' mask='#FFFF00FF'&quot; railnormalimage=&quot;file='scroll.png' source='0,80,16,96' corner='2,2,2,2' mask='#FFFF00FF'&quot; railhotimage=&quot;file='scroll.png' source='0,80,16,96' corner='2,2,2,2' mask='#FFFF00FF'&quot; railpushedimage=&quot;file='scroll.png' source='0,96,16,112' corner='2,2,2,2' mask='#FFFF00FF'&quot; raildisabledimage=&quot;file='scroll.png' source='0,80,16,96' corner='2,2,2,2' mask='#FFFF00FF'&quot; bknormalimage=&quot;file='scroll.png' source='0,128,16,146' corner='2,2,2,2' mask='#FFFF00FF'&quot; bkhotimage=&quot;file='scroll.png' source='0,128,16,146' corner='2,2,2,2' mask='#FFFF00FF'&quot; bkpushedimage=&quot;file='scroll.png' source='0,128,16,146' corner='2,2,2,2' mask='#FFFF00FF'&quot; bkdisabledimage=&quot;file='scroll.png' source='0,128,16,146' corner='2,2,2,2' mask='#FFFF00FF'&quot; " />
	<Default name="HScrollBar" value="share=&quot;true&quot; button1normalimage=&quot;file='scrollH.png' source='0,0,16,16'&quot; button1hotimage=&quot;file='scrollH.png' source='0,0,16,16' mask='#FFFF00FF'&quot; button1pushedimage=&quot;file='scrollH.png' source='16,0,32,16' mask='#FFFF00FF'&quot; button1disabledimage=&quot;file='scrollH.png' source='0,0,16,16' mask='#FFFF00FF'&quot; button2normalimage=&quot;file='scrollH.png' source='32,0,48,16' mask='#FFFF00FF'&quot; button2hotimage=&quot;file='scrollH.png' source='32,0,48,16' mask='#FFFF00FF'&quot; button2pushedimage=&quot;file='scrollH.png' source='48,0,64,16' mask='#FFFF00FF'&quot; button2disabledimage=&quot;file='scrollH.png' source='32,0,48,16' mask='#FFFF00FF'&quot; thumbnormalimage=&quot;file='scrollH.png' source='64,0,80,16' corner='2,2,2,2' mask='#FFFF00FF'&quot; thumbhotimage=&quot;file='scrollH.png' source='64,0,80,16' corner='2,2,2,2' mask='#FFFF00FF'&quot; thumbpushedimage=&quot;file='scrollH.png' source='64,0,80,16' corner='2,2,2,2' mask='#FFFF00FF'&quot; thumbdisabledimage=&quot;file='scrollH.png' source='64,0,80,16' corner='2,2,2,2' mask='#FFFF00FF'&quot; railnormalimage=&quot;file='scrollH.png' source='80,0,96,16' corner='2,2,2,2' mask='#FFFF00FF'&quot; railhotimage=&quot;file='scrollH.png' source='80,0,96,16' corner='2,2,2,2' mask='#FFFF00FF'&quot; railpushedimage=&quot;file='scrollH.png' source='96,0,112,16' corner='2,2,2,2' mask='#FFFF00FF'&quot; raildisabledimage=&quot;file='scrollH.png' source='80,0,96,16' corner='2,2,2,2' mask='#FFFF00FF'&quot; bknormalimage=&quot;file='scrollH.png' source='128,0,146,16' corner='2,2,2,2' mask='#FFFF00FF'&quot; bkhotimage=&quot;file='scrollH.png' source='128,0,146,16' corner='2,2,2,2' mask='#FFFF00FF'&quot; bkpushedimage=&quot;file='scrollH.png' source='128,0,146,16' corner='2,2,2,2' mask='#FFFF00FF'&quot; bkdisabledimage=&quot;file='scrollH.png' source='128,0,146,16' corner='2,2,2,2' mask='#FFFF00FF'&quot; " />
	<VerticalLayout bkcolor="#FFF7F6F6" bordercolor="#FF000000" bordersize="1">
		<HorizontalLayout inset="1,1,1,1" bordercolor="#FF000000" bordersize="1" height="32">
			<Label text="Settings" font="2" bkcolor="#FFFFFFFF" align="left" textpadding="10" height="30" />		
			<Button name="btn_Quit" width="30" height="30" bkimage="close.png" />
		</HorizontalLayout>
		<VerticalLayout inset="10,10,10,10">
			<HorizontalLayout height="30" sepwidth="1" childpadding="1" childvalign="vcenter" childalign="left">
				<Option name="Tab_Mode" text="Mode" font="1" width="120" bkcolor="#FFE0E0E0" selectedbkcolor="#FFFFFFFF" bordercolor="#FF808080" bordersize="1" group="tab_group" selected="true" />
				<Option name="Tab_Version" text="Version" width="120" font="1" bkcolor="#FFE0E0E0" selectedbkcolor="#FFFFFFFF" bordercolor="#FF808080" bordersize="1" group="tab_group" />
				<Option name="Tab_Error" text="ErrorHanding" width="120" font="1" bkcolor="#FFE0E0E0" selectedbkcolor="#FFFFFFFF" bordercolor="#FF808080" bordersize="1" group="tab_group" />
			</HorizontalLayout>
			<TabLayout name="Tab_Page">	
				<HorizontalLayout inset="30,30,30,30" childpadding="30" bordercolor="#FF808080" bordersize="1">				
					<VerticalLayout inset="10,0,10,10" childpadding="10" bkcolor="#FFFFFFFF" bordercolor="#FF808080" bordersize="1" maxwidth="200" >
						<Label text="Login Mode" font="1" height="20" />
						<Option name="radio_normal" text="Normal" group="Login" align="left" textpadding="20,0,0,0" selectedimage="file='RadioBtnSel.png' dest='3,9,15,21'" normalimage="file='RadioBtnNon.png' dest='3,9,15,21'" selected="true" />
						<Option name="radio_stress" text="Stress" group="Login" align="left" textpadding="20,0,0,0" selectedimage="file='RadioBtnSel.png' dest='3,9,15,21'" normalimage="file='RadioBtnNon.png' dest='3,9,15,21'" />
						<Option name="radio_grr" text="GRR" group="Login" align="left" textpadding="20,0,0,0" selectedimage="file='RadioBtnSel.png' dest='3,9,15,21'" normalimage="file='RadioBtnNon.png' dest='3,9,15,21'" />
					</VerticalLayout>
					<VerticalLayout inset="10,0,10,10" childpadding="10" bkcolor="#FFFFFFFF" bordercolor="#FF808080" bordersize="1" maxwidth="200" >
						<Label text="Work Mode" font="1" height="20" />
						<Option name="radio_manual" text="Manual" group="Work" align="left" textpadding="20,0,0,0" selectedimage="file='RadioBtnSel.png' dest='3,9,15,21'" normalimage="file='RadioBtnNon.png' dest='3,9,15,21'" selected="true" />
						<Option name="radio_auto" text="Auto" group="Work" align="left" textpadding="20,0,0,0" selectedimage="file='RadioBtnSel.png' dest='3,9,15,21'" normalimage="file='RadioBtnNon.png' dest='3,9,15,21'" />
					</VerticalLayout>					
				</HorizontalLayout>
				<HorizontalLayout inset="10,10,10,10" childpadding="10" bordercolor="#FF808080" bordersize="1">
					<List name="VersionList" vscrollbar="true" hscrollbar="true" bordercolor="#FF000000" bordersize="1" bkcolor="#FFFFFFFF" itemtextcolor="#FF000000" itembkcolor="#FFFFFFFF" itemselectedtextcolor="#FF000000" itemselectedbkcolor="#FFC1E3FF" itemhottextcolor="#FF000000" itemhotbkcolor="#FFE9F5FF" itemdisabledtextcolor="#FFCCCCCC" itemdisabledbkcolor="#FFFFFFFF">
						<ListHeaderItem text="Name" width="150" font="1" bkcolor="#FFE2DDDF" bordercolor="#FF000000" bordersize="1" endellipsis="true" sepwidth="1" align="left" textpadding="4,0,4,0" />
						<ListHeaderItem text="Version" width="150" font="1" bkcolor="#FFE2DDDF" bordercolor="#FF000000" bordersize="1" endellipsis="true" sepwidth="1" align="left" textpadding="4,0,4,0" />
						<ListHeaderItem text="Path" width="0" font="1" bkcolor="#FFE2DDDF" bordercolor="#FF000000" bordersize="1" endellipsis="true" sepwidth="1" align="left" textpadding="4,0,4,0" />
					</List>
					<VerticalLayout childpadding="10">
						<VerticalLayout inset="10,0,10,10" bordercolor="#FF808080" bordersize="1" maxheight="250" >
							<Label text="Current version information" font="1" height="30" />
							<RichEdit name="CurrentVerEdit" vscrollbar="true" hscrollbar="true" bkcolor="#FFFFFFFF" readonly="true" />
						</VerticalLayout>
						<VerticalLayout inset="10,0,10,10" bordercolor="#FF808080" bordersize="1">
							<Label text="History version information" font="1" height="30" />
							<RichEdit name="HistoryVerEdit" vscrollbar="true" hscrollbar="true" bkcolor="#FFFFFFFF" readonly="true" />
						</VerticalLayout>				
					</VerticalLayout>
				</HorizontalLayout>
				<HorizontalLayout inset="10,10,10,10" bordercolor="#FF808080" bordersize="1">
					<TreeList name="ErrorList" vscrollbar="true" hscrollbar="true" bordercolor="#FF000000" bordersize="1" bkcolor="#FFFFFFFF" itemtextcolor="#FF000000" itembkcolor="#FFFFFFFF" itemselectedtextcolor="#FF000000" itemselectedbkcolor="#FFC1E3FF" itemhottextcolor="#FF000000" itemhotbkcolor="#FFE9F5FF" itemdisabledtextcolor="#FFCCCCCC" itemdisabledbkcolor="#FFFFFFFF">
					</TreeList>
				</HorizontalLayout>
			</TabLayout>
		</VerticalLayout>
	</VerticalLayout>
</Window>
