<?xml version="1.0" encoding="UTF-8"?>
<Window >
	<!--字体定义id=字体编号;name=字体名称;size=字体大小;bold=是否粗体-->
	<Font id="0" name="微软雅黑" size="28" bold="true"/>
	<Font id="1" name="微软雅黑" size="18" bold="true"/>
	<Font id="2" name="微软雅黑" size="16" bold="true"/>
	<!--垂直布局minwidth=最小宽度-->
	<VerticalLayout minwidth="140">
		<!--设置标签name=标签名字;height=标签高度;bkimage=背景图片;text=显示文字;align=居中显示;font=字体id;bordercolor=边框颜色;bordersize=边框大小;borderround=边框圆角半径-->
		<Label name="tLogo" height="86" bkimage="hipalogo.png" padding="2,2,2,2" bordersize="1" borderround="5,5" />
		<Label name="tVersion" height="30" text="Version:1.0.0" align="center" font="2" bordercolor="#FF787878" bordersize="1" borderround="5,5" />
	</VerticalLayout>
	<VerticalLayout>
		<Label name="tModeKey" height="60" text="MODE" align="center" font="1" bordercolor="#FF787878" bordersize="1" borderround="5,5" />
		<Label name="tModeValue" height="60" text="Normal" align="center" font="2" bordercolor="#FF787878" bordersize="1" borderround="5,5" />
	</VerticalLayout>
	<VerticalLayout>
		<Label name="tLotKey" height="60" text="LOT" align="center" font="1" bordercolor="#FF787878" bordersize="1" borderround="5,5" />
		<Label name="tLotValue" height="60" text="C5BCDE" align="center" font="2" bordercolor="#FF787878" bordersize="1" borderround="5,5" />
	</VerticalLayout>
	<VerticalLayout>
		<Label name="tConfigKey" height="60" text="CONFIG" align="center" font="1" bordercolor="#FF787878" bordersize="1" borderround="5,5" />
		<Label name="tConfigValue" height="60" text="XXXX" align="center" font="2" bordercolor="#FF787878" bordersize="1" borderround="5,5" />
	</VerticalLayout>
	<VerticalLayout minwidth="260">
		<Label name="tTitle" height="90" text="JupGenericFrame" align="center" font="0" bordercolor="#FF787878" bordersize="1" borderround="5,5" />
		<Label name="tTime" height="30" text="1970-01-01 00:00:00" align="center" font="2" bordercolor="#FF787878" bordersize="1" borderround="5,5" />
	</VerticalLayout>
	<VerticalLayout>
		<Label name="tWorkStatusKey" height="60" text="WORK STATUS" align="center" font="1" bordercolor="#FF787878" bordersize="1" borderround="5,5" />
		<Label name="tWorkStatusValue" height="60" text="STOP" align="center" font="2" bordercolor="#FF787878" bordersize="1" borderround="5,5" textcolor="#FFFFA500" />
	</VerticalLayout>
	<VerticalLayout>
		<Label name="tBootKey" height="60" text="BOOT UP TIME" align="center" font="1" bordercolor="#FF787878" bordersize="1" borderround="5,5" />
		<Label name="tBootValue" height="60" text="00:00:00" align="center" font="2" bordercolor="#FF787878" bordersize="1" borderround="5,5" />
	</VerticalLayout>
	<VerticalLayout>
		<Label name="tRTimeKey" height="60" text="RUNNING TIME" align="center" font="1" bordercolor="#FF787878" bordersize="1" borderround="5,5" />
		<Label name="tRTimeValue" height="60" text="00:00:00" align="center" font="2" bordercolor="#FF787878" bordersize="1" borderround="5,5" />
	</VerticalLayout>
	<VerticalLayout>
		<Label name="tWorkModeKey" height="60" text="WORK MODE" align="center" font="1" bordercolor="#FF787878" bordersize="1" borderround="5,5" />
		<Label name="tWorkModeValue" height="60" text="Manual" align="center" font="2" bordercolor="#FF787878" bordersize="1" borderround="5,5" />
	</VerticalLayout>
	<VerticalLayout>
		<Label name="tLoginKey" height="60" text="LOGIN MODE" align="center" font="1" bordercolor="#FF787878" bordersize="1" borderround="5,5" />
		<Label name="tLoginValue" height="60" text="Operator" align="center" font="2" bordercolor="#FF787878" bordersize="1" borderround="5,5" />
	</VerticalLayout>
</Window>
