<?xml version="1.0" encoding="utf-8" standalone="yes"?>
<Window size="1600,900" sizebox="0,0,0,0" caption="0,0,0,32">
	<Font id="0" name="微软雅黑" size="14" default="true" />
	<Font id="1" name="微软雅黑" size="14" bold="true" />
	<Font id="2" name="微软雅黑" size="16" />
	<Default name="VScrollBar" value="share=&quot;true&quot; button1normalimage=&quot;file='scroll.png' source='0,0,16,16'&quot; button1hotimage=&quot;file='scroll.png' source='0,0,16,16' mask='#FFFF00FF'&quot; button1pushedimage=&quot;file='scroll.png' source='0,16,16,32' mask='#FFFF00FF'&quot; button1disabledimage=&quot;file='scroll.png' source='0,0,16,16' mask='#FFFF00FF'&quot; button2normalimage=&quot;file='scroll.png' source='0,32,16,48' mask='#FFFF00FF'&quot; button2hotimage=&quot;file='scroll.png' source='0,32,16,48' mask='#FFFF00FF'&quot; button2pushedimage=&quot;file='scroll.png' source='0,48,16,64' mask='#FFFF00FF'&quot; button2disabledimage=&quot;file='scroll.png' source='0,32,16,48' mask='#FFFF00FF'&quot; thumbnormalimage=&quot;file='scroll.png' source='0,64,16,80' corner='2,2,2,2' mask='#FFFF00FF'&quot; thumbhotimage=&quot;file='scroll.png' source='0,64,16,80' corner='2,2,2,2' mask='#FFFF00FF'&quot; thumbpushedimage=&quot;file='scroll.png' source='0,64,16,80' corner='2,2,2,2' mask='#FFFF00FF'&quot; thumbdisabledimage=&quot;file='scroll.png' source='0,64,16,80' corner='2,2,2,2' mask='#FFFF00FF'&quot; railnormalimage=&quot;file='scroll.png' source='0,80,16,96' corner='2,2,2,2' mask='#FFFF00FF'&quot; railhotimage=&quot;file='scroll.png' source='0,80,16,96' corner='2,2,2,2' mask='#FFFF00FF'&quot; railpushedimage=&quot;file='scroll.png' source='0,96,16,112' corner='2,2,2,2' mask='#FFFF00FF'&quot; raildisabledimage=&quot;file='scroll.png' source='0,80,16,96' corner='2,2,2,2' mask='#FFFF00FF'&quot; bknormalimage=&quot;file='scroll.png' source='0,128,16,146' corner='2,2,2,2' mask='#FFFF00FF'&quot; bkhotimage=&quot;file='scroll.png' source='0,128,16,146' corner='2,2,2,2' mask='#FFFF00FF'&quot; bkpushedimage=&quot;file='scroll.png' source='0,128,16,146' corner='2,2,2,2' mask='#FFFF00FF'&quot; bkdisabledimage=&quot;file='scroll.png' source='0,128,16,146' corner='2,2,2,2' mask='#FFFF00FF'&quot; " />
	<Default name="HScrollBar" value="share=&quot;true&quot; button1normalimage=&quot;file='scrollH.png' source='0,0,16,16'&quot; button1hotimage=&quot;file='scrollH.png' source='0,0,16,16' mask='#FFFF00FF'&quot; button1pushedimage=&quot;file='scrollH.png' source='16,0,32,16' mask='#FFFF00FF'&quot; button1disabledimage=&quot;file='scrollH.png' source='0,0,16,16' mask='#FFFF00FF'&quot; button2normalimage=&quot;file='scrollH.png' source='32,0,48,16' mask='#FFFF00FF'&quot; button2hotimage=&quot;file='scrollH.png' source='32,0,48,16' mask='#FFFF00FF'&quot; button2pushedimage=&quot;file='scrollH.png' source='48,0,64,16' mask='#FFFF00FF'&quot; button2disabledimage=&quot;file='scrollH.png' source='32,0,48,16' mask='#FFFF00FF'&quot; thumbnormalimage=&quot;file='scrollH.png' source='64,0,80,16' corner='2,2,2,2' mask='#FFFF00FF'&quot; thumbhotimage=&quot;file='scrollH.png' source='64,0,80,16' corner='2,2,2,2' mask='#FFFF00FF'&quot; thumbpushedimage=&quot;file='scrollH.png' source='64,0,80,16' corner='2,2,2,2' mask='#FFFF00FF'&quot; thumbdisabledimage=&quot;file='scrollH.png' source='64,0,80,16' corner='2,2,2,2' mask='#FFFF00FF'&quot; railnormalimage=&quot;file='scrollH.png' source='80,0,96,16' corner='2,2,2,2' mask='#FFFF00FF'&quot; railhotimage=&quot;file='scrollH.png' source='80,0,96,16' corner='2,2,2,2' mask='#FFFF00FF'&quot; railpushedimage=&quot;file='scrollH.png' source='96,0,112,16' corner='2,2,2,2' mask='#FFFF00FF'&quot; raildisabledimage=&quot;file='scrollH.png' source='80,0,96,16' corner='2,2,2,2' mask='#FFFF00FF'&quot; bknormalimage=&quot;file='scrollH.png' source='128,0,146,16' corner='2,2,2,2' mask='#FFFF00FF'&quot; bkhotimage=&quot;file='scrollH.png' source='128,0,146,16' corner='2,2,2,2' mask='#FFFF00FF'&quot; bkpushedimage=&quot;file='scrollH.png' source='128,0,146,16' corner='2,2,2,2' mask='#FFFF00FF'&quot; bkdisabledimage=&quot;file='scrollH.png' source='128,0,146,16' corner='2,2,2,2' mask='#FFFF00FF'&quot; " />
	<Default name="Button" value="share=&quot;true&quot; normalimage=&quot;file='button_normal.png' corner='20,2,20,2'&quot; hotimage=&quot;file='button_hover.png' corner='20,2,20,2'&quot; pushedimage=&quot;file='button_pushed.png' corner='20,2,20,2'&quot; " />
	<VerticalLayout bkcolor="#FFF7F6F6" bordercolor="#FF000000" bordersize="1" >
		<Label text="Edit View" font="2" bkcolor="#FFFFFFFF" align="left" textpadding="10" height="32" bordercolor="#FF000000" bordersize="1" />
		<HorizontalLayout inset="10,10,10,10" childpadding="10">
			<TreeList name="SelectList" maxwidth="400" height="0" vscrollbar="true" hscrollbar="true" bordercolor="#FF000000" bordersize="1" bkcolor="#FFFFFFFF" itemtextcolor="#FF000000" itembkcolor="#FFFFFFFF" itemselectedtextcolor="#FF000000" itemselectedbkcolor="#FFC1E3FF" itemhottextcolor="#FF000000" itemhotbkcolor="#FFE9F5FF" itemdisabledtextcolor="#FFCCCCCC" itemdisabledbkcolor="#FFFFFFFF">
			</TreeList>		
			<VerticalLayout width="50" inset="0" childpadding="20" childalign="center" >
				<VerticalLayout />
				<Button name="btn_Select" text="-->>" width="50" height="30" />
				<Button name="btn_Delete" text="<<--" width="50" height="30" />
				<Button name="btn_Up" text="Up" width="50" height="30" />
				<Button name="btn_Down" text="Down" width="50" height="30" />
				<VerticalLayout />
				<VerticalLayout />
			</VerticalLayout>
			<TreeList name="EditList" width="0" height="0" vscrollbar="true" hscrollbar="true" bordercolor="#FF000000" bordersize="1" bkcolor="#FFFFFFFF" itemtextcolor="#FF000000" itembkcolor="#FFFFFFFF" itemselectedtextcolor="#FF000000" itemselectedbkcolor="#FFC1E3FF" itemhottextcolor="#FF000000" itemhotbkcolor="#FFE9F5FF" itemdisabledtextcolor="#FFCCCCCC" itemdisabledbkcolor="#FFFFFFFF">
			</TreeList>
			<VerticalLayout width="50" inset="0" childpadding="10" childalign="center" >
				<VerticalLayout />
				<Button name="btn_Save" text="Save" width="50" height="30" />
				<Button name="btn_Quit" text="Quit" width="50" height="30" />
			</VerticalLayout>
		</HorizontalLayout>
	</VerticalLayout>
</Window>
