<?xml version="1.0" encoding="utf-8" standalone="yes"?>
<Window size="1600,900" sizebox="0,0,0,0" caption="0,0,0,0">
	<Font id="0" name="微软雅黑" size="14" default="true" />
	<Font id="1" name="微软雅黑" size="14" bold="true" />
	<VerticalLayout inset="10,10,10,10" bkcolor="#FFF7F6F6">
		<HorizontalLayout childpadding="5">
			<VerticalLayout width="0" inset="0" childpadding="10">
				<VerticalLayout>
					<RichEdit name="OutText" text="JManage" bkcolor="0xFFFFFFFF" bordersize="1" bordercolor="#FFDBDBDB" textpadding="4,1,4,1" />
				</VerticalLayout>
			</VerticalLayout>
		</HorizontalLayout>
	</VerticalLayout>
</Window>
