<?xml version="1.0" encoding="utf-8" standalone="false" ?>
<Window size="1200,450" sizebox="0,0,0,0" caption="0,0,0,0" mininfo="600,400">
  <Font id="0" name="微软雅黑" size="14" bold="false" default="true" />
  <Font id="1" name="微软雅黑" size="14" bold="true" />
  <VerticalLayout bkcolor="#FFF7F6F6">
    <HorizontalLayout inset="10,10,10,10">
      <List name="ErrorList" vscrollbar="true" hscrollbar="true" bkcolor="#FFFFFFFF" itemtextcolor="#FF000000" itembkcolor="#FFFFFFFF" itemselectedtextcolor="#FF000000" itemselectedbkcolor="#FFC1E3FF" itemhottextcolor="#FF000000" itemhotbkcolor="#FFE9F5FF" itemdisabledtextcolor="#FFCCCCCC" itemdisabledbkcolor="#FFFFFFFF" >
	  </List>
	  <RichEdit name="OutText" text="Demo RichEdit" bkcolor="#FFFFFFFF" bordersize="1" bordercolor="#FFDBDBDB" textpadding="4,1,4,1" />
    </HorizontalLayout>
  </VerticalLayout>
</Window>