<?xml version="1.0" encoding="UTF-8"?>
<Window size="1900,900">
	<Font id="0" name="微软雅黑" size="14" share="true" bold="true" />
	<Font id="5" name="微软雅黑" size="14" share="true" default="true" />
	<Default name="VScrollBar" value="share=&quot;true&quot; button1normalimage=&quot;file='scroll.png' source='0,0,16,16'&quot; button1hotimage=&quot;file='scroll.png' source='0,0,16,16' mask='#FFFF00FF'&quot; button1pushedimage=&quot;file='scroll.png' source='0,16,16,32' mask='#FFFF00FF'&quot; button1disabledimage=&quot;file='scroll.png' source='0,0,16,16' mask='#FFFF00FF'&quot; button2normalimage=&quot;file='scroll.png' source='0,32,16,48' mask='#FFFF00FF'&quot; button2hotimage=&quot;file='scroll.png' source='0,32,16,48' mask='#FFFF00FF'&quot; button2pushedimage=&quot;file='scroll.png' source='0,48,16,64' mask='#FFFF00FF'&quot; button2disabledimage=&quot;file='scroll.png' source='0,32,16,48' mask='#FFFF00FF'&quot; thumbnormalimage=&quot;file='scroll.png' source='0,64,16,80' corner='2,2,2,2' mask='#FFFF00FF'&quot; thumbhotimage=&quot;file='scroll.png' source='0,64,16,80' corner='2,2,2,2' mask='#FFFF00FF'&quot; thumbpushedimage=&quot;ffile='scroll.png' source='0,64,16,80' corner='2,2,2,2' mask='#FFFF00FF'&quot; thumbdisabledimage=&quot;file='scroll.png' source='0,64,16,80' corner='2,2,2,2' mask='#FFFF00FF'&quot; railnormalimage=&quot;file='scroll.png' source='0,80,16,96' corner='2,2,2,2' mask='#FFFF00FF'&quot; railhotimage=&quot;file='scroll.png' source='0,80,16,96' corner='2,2,2,2' mask='#FFFF00FF'&quot; railpushedimage=&quot;file='scroll.png' source='0,96,16,112' corner='2,2,2,2' mask='#FFFF00FF'&quot; raildisabledimage=&quot;file='scroll.png' source='0,80,16,96' corner='2,2,2,2' mask='#FFFF00FF'&quot; bknormalimage=&quot;file='scroll.png' source='0,128,16,146' corner='2,2,2,2' mask='#FFFF00FF'&quot; bkhotimage=&quot;file='scroll.png' source='0,128,16,146' corner='2,2,2,2' mask='#FFFF00FF'&quot; bkpushedimage=&quot;file='scroll.png' source='0,128,16,146' corner='2,2,2,2' mask='#FFFF00FF'&quot; bkdisabledimage=&quot;file='scroll.png' source='0,128,16,146' corner='2,2,2,2' mask='#FFFF00FF'&quot; " />
	<HorizontalLayout bkcolor="0xFFF7F6F6" inset="10,10,20,10" childpadding="8">
		<VerticalLayout width="800" childpadding="5">
			<HorizontalLayout bordercolor="0xFF000000" bordersize="2">
				<Label name="Label_Show" text="Camera image" />
			</HorizontalLayout>
			<HorizontalLayout height="250" childpadding="5">
				<VerticalLayout bordercolor="0xFFE1E1E1" bordersize="1" childpadding="10" inset="2,2,2,2">
					<HorizontalLayout inset="5,5,5,5">
						<Text text="CT:" align="left" />
						<Label name="Label_CT" text="0s" align="center" bkcolor="0xFF00B549" />
					</HorizontalLayout>
					<HorizontalLayout inset="5,5,5,5">
						<Text text="Total:" align="left" />
						<Label name="Label_Total" text="0" align="center" bkcolor="0xFF00B549" />
					</HorizontalLayout>
					<HorizontalLayout inset="5,5,5,5">
						<Text text="OK quantity:" align="left" />
						<Label name="Label_OK" text="0" align="center" bkcolor="0xFF00B549" />
					</HorizontalLayout>
					<HorizontalLayout inset="5,5,5,5">
						<Text text="NG quantity:" align="left" />
						<Label name="Label_NG" text="0" align="center" bkcolor="0xFF00B549" />
					</HorizontalLayout>
					<HorizontalLayout inset="5,5,5,5">
						<Text text="Yield rate:" align="left" />
						<Label name="Label_YieldRate" text="0.0%" align="center" bkcolor="0xFF00B549" />
					</HorizontalLayout>
				</VerticalLayout>
				<VerticalLayout bordercolor="0xFFE1E1E1" bordersize="1" childpadding="10" inset="2,2,2,2">
					<HorizontalLayout inset="5,5,5,5">
						<Text text="Device status:" align="left" />
						<Label name="Label_DeviceStatus" text="Stop" align="center" bkcolor="0xFFFFC000" />
					</HorizontalLayout>
					<HorizontalLayout inset="5,5,5,5">
						<Text text="Device mode:" align="left" />
						<HorizontalLayout>
							<Option name="Radio_DeviceMode_Auto" text="Auto" selected="true" group="SelectDeviceMode" height="25" textcolor="0xFF000000" hottextcolor="#FF386382" disabledtextcolor="#FFbac0c5" textpadding="40,0,0,0" align="left" selectedimage="file='RadioBtnSel.png' dest='3,5,15,17'" normalimage="file='RadioBtnNon.png' dest='2,4,14,16'" />
							<Option name="Radio_DeviceMode_Manual" text="Manual" height="25" group="SelectDeviceMode" textcolor="0xFF000000" hottextcolor="#FF386382" disabledtextcolor="#FFbac0c5" textpadding="40,0,0,0" align="left" selectedimage="file='RadioBtnSel.png' dest='3,5,15,17'" normalimage="file='RadioBtnNon.png' dest='3,5,15,17'" />
						</HorizontalLayout>
					</HorizontalLayout>
					<HorizontalLayout inset="5,5,5,5">
						<Text text="DUT side:" align="left" />
						<HorizontalLayout>
							<Option name="Radio_DUTSide_Left" text="L" selected="true" group="SelectDUTSide" height="25" textcolor="0xFF000000" hottextcolor="#FF386382" disabledtextcolor="#FFbac0c5" textpadding="40,0,0,0" align="left" selectedimage="file='RadioBtnSel.png' dest='3,5,15,17'" normalimage="file='RadioBtnNon.png' dest='2,4,14,16'" />
							<Option name="Radio_DUTSide_Right" text="R" height="25" group="SelectDUTSide" textcolor="0xFF000000" hottextcolor="#FF386382" disabledtextcolor="#FFbac0c5" textpadding="40,0,0,0" align="left" selectedimage="file='RadioBtnSel.png' dest='3,5,15,17'" normalimage="file='RadioBtnNon.png' dest='3,5,15,17'" />
						</HorizontalLayout>
					</HorizontalLayout>
					<HorizontalLayout inset="5,5,5,5">
						<Text text="DUT SN:" align="left" />
						<Edit name="Edit_DUTSN" text="FMX21661U0N0QMW4JLKF" bordersize="1" bordercolor="0xFF000000" />
					</HorizontalLayout>
					<HorizontalLayout inset="5,5,5,5">
						<Text text="Test result:" align="left" />
						<Label name="Label_TestResult" text="A" align="center" bkcolor="0xFF00B549" />
					</HorizontalLayout>
				</VerticalLayout>
			</HorizontalLayout>
		</VerticalLayout>
		<VerticalLayout width="600" childpadding="10">
			<List name="List_Show" height="590" bkcolor="#FFFFFFFF" itemshowhtml="true" headerbkimage="f" itemalign="l" itembkcolor="0xFFFFFFFF" itemselectedbkcolor="0xFF0000FF" menu="true" itemaltbk="true" itemlinecolor="0xFF000000" bordercolor="0xFFD2D2D2" bordersize="1">
				<ListHeader bkcolor="0xFFD2D2D2" bordercolor="0xFFD2D2D2" bordersize="1" sepwidth="2" sepimm="true" height="20">
					<ListHeaderItem text="STEP" font="0" bordercolor="0xFF000000" bordersize="1" endellipsis="true" font="1" sepimage="Headerctrl_Sperator.bmp" sepwidth="2" font="0" />
					<ListHeaderItem text="STATUS" font="0" bordercolor="0xFF000000" bordersize="1" endellipsis="true" font="1" sepimage="Headerctrl_Sperator.bmp" sepwidth="2" font="0" />
					<ListHeaderItem text="CostTime" font="0" bordercolor="0xFF000000" bordersize="1" endellipsis="true" font="1" sepimage="Headerctrl_Sperator.bmp" sepwidth="2" font="0" />
				</ListHeader>
			</List>
			<Progress name="Progress_Test" text="0%" valign="center" align="center" height="20" foreimage="ProgressFore.png" bkcolor="0xFFA0C0FF" borderround="10,10" />
			<RichEdit name="RichEdit_TestDetails" bkcolor="0xFFFFFFFF" vscrollbar="true" />
		</VerticalLayout>
		<VerticalLayout width="380" childpadding="8">
			<VerticalLayout>
				<Text text="Equiment health monitoring" height="20" align="left" />
				<VerticalLayout height="250" inset="5,20,5,5" bordercolor="0xFFE1E1E1" bordersize="1">
					<HorizontalLayout>
						<HorizontalLayout childpadding="10">
							<Label name="label_RC" height="20" width="20" bkcolor="0xFFFF0000" />
							<Text text="JPT RC" height="20" align="left" />
						</HorizontalLayout>
						<HorizontalLayout childpadding="10">
							<Label name="label_JPTMacmini" height="20" width="20" bkcolor="0xFFFF0000" />
							<Text text="JPT MacMini" height="20" align="left" />
						</HorizontalLayout>
					</HorizontalLayout>
					<HorizontalLayout>
						<HorizontalLayout childpadding="10">
							<Label name="label_Camera" height="20" width="20" bkcolor="0xFFFF0000" />
							<Text text="Lumitop Camera" height="20" align="left" />
						</HorizontalLayout>
						<HorizontalLayout childpadding="10">
							<Label name="label_TotalPressure" height="20" width="20" bkcolor="0xFFFF0000" />
							<Text text="Total Pressure" height="20" align="left" />
						</HorizontalLayout>
					</HorizontalLayout>
					<HorizontalLayout>
						<HorizontalLayout childpadding="10">
							<Label name="label_DUTZSensor" height="20" width="20" bkcolor="0xFFFF0000" />
							<Text text="DUTZ Sensor" height="20" align="left" />
						</HorizontalLayout>
						<HorizontalLayout childpadding="10">
							<Label name="label_THSensor" height="20" width="20" bkcolor="0xFFFF0000" />
							<Text text="ThermoHygro Sensor" height="20" align="left" />
						</HorizontalLayout>
					</HorizontalLayout>
					<HorizontalLayout>
						<HorizontalLayout childpadding="10">
							<Label name="label_SafeDoor" height="20" width="20" bkcolor="0xFFFF0000" />
							<Text text="Safe Door" height="20" align="left" />
						</HorizontalLayout>
						<HorizontalLayout childpadding="10">
							<Label height="20" width="20" />
							<Text text="" height="20" />
						</HorizontalLayout>
					</HorizontalLayout>
				</VerticalLayout>
			</VerticalLayout>
			<VerticalLayout>
				<Text text="Version info" height="20" align="left" />
				<List name="List_Version" header="false" bkcolor="0xFFFFFFFF" bordersize="1" bordercolor="0xFFD2D2D2">
					<ListHeader height="20" bkcolor="0xFFD2D2D2" bordercolor="0xFFD2D2D2" bordersize="1" sepwidth="2" sepimm="true">
						<ListHeaderItem text="Plugin" font="0" bordercolor="0xFF000000" bordersize="1" endellipsis="true" font="1" sepwidth="2" />
						<ListHeaderItem text="Version" font="0" bordercolor="0xFF000000" bordersize="1" endellipsis="true" font="1" sepwidth="2" />
					</ListHeader>
				</List>
			</VerticalLayout>
			<Button name="Btn_Clear" height="30" pushedbkcolor="0xFFB4B4B4" text="Clear" bkcolor="0xFFE1E1E1" bordersize="1" bordercolor="0xFF000000" hotbordercolor="0xFFFF8000" borderround="5,5" />
			<VerticalLayout>
				<Text text="Hardware status" height="20" align="left" />
				<VerticalLayout bordercolor="0xFFE1E1E1" bordersize="1" childpadding="10" inset="10,10,10,10">
					<HorizontalLayout height="50">
						<Text text="CPU Usage:" align="left" width="120" />
						<Label name="Label_CPUUsage" text="0%" align="center" bkcolor="0xFF00B549" />
					</HorizontalLayout>
					<HorizontalLayout height="50">
						<Text text="Mem Usage:" align="left" width="120" />
						<Label name="Label_MemUsage" text="0%" align="center" bkcolor="0xFF00B549" />
					</HorizontalLayout>
					<HorizontalLayout height="50">
						<Text text="PanDriv D:" align="left" width="120" />
						<Label name="Label_PanDriv_D" text="0GB/500GB" align="center" bkcolor="0xFF00B549" />
					</HorizontalLayout>
					<HorizontalLayout height="50">
						<Text text="PanDriv E:" align="left" width="120" />
						<Label name="Label_PanDriv_E" text="0GB/500GB" align="center" bkcolor="0xFF00B549" />
					</HorizontalLayout>
				</VerticalLayout>
			</VerticalLayout>
		</VerticalLayout>
	</HorizontalLayout>
</Window>
