<?xml version="1.0" encoding="UTF-8"?>
<Window size="1800,900">
	<VerticalLayout bkcolor="0xFFF7F6F6" inset="20,10,20,10">
		<VerticalLayout width="700">
			<VerticalLayout childpadding="5">
				<Text text="Confocal sensor" height="25" align="left" font="0" />
				<VerticalLayout width="400" height="80" bordercolor="0xFFD2D2D2" bordersize="1" childpadding="10" inset="10,10,10,10">
					<HorizontalLayout childpadding="5">
						<Text text="Connect state:" />
						<Label name="OQC_ConfocalState" bordersize="1" bordercolor="0xFF000000" bkcolor="0xFFFF0000" />
						<Button text="Connect" name="OQC_btnConnect" normalimage="file='button_normal.png' corner='20,2,20,2'" hotimage="file='button_hover.png' corner='20,2,20,2'" pushedimage="file='button_pushed.png' corner='20,2,20,2'" />
					</HorizontalLayout>
					<HorizontalLayout childpadding="5">
						<Text text="Read Value:" />
						<Edit name="OQC_EditConfocalValue" bordersize="1" bordercolor="0xFF000000" bkcolor="0xFFF0F0F0" mouse="false" keyboard="false" />
						<Button text="Read value" name="OQC_btnReadValue" normalimage="file='button_normal.png' corner='20,2,20,2'" hotimage="file='button_hover.png' corner='20,2,20,2'" pushedimage="file='button_pushed.png' corner='20,2,20,2'" />
					</HorizontalLayout>
				</VerticalLayout>
				<Text text="Choose axis" height="25" align="left" font="0" />
				<VerticalLayout height="100" bordersize="1" bordercolor="0xFFD2D2D2" childpadding="10" inset="10,10,10,10">
					<HorizontalLayout childpadding="10">
						<Option name="Radio_DUT_X" text="DUT_X" selected="true" group="SelectAxisName" height="25" textcolor="0xFF000000" hottextcolor="#FF386382" disabledtextcolor="#FFbac0c5" textpadding="40,0,0,0" align="left" selectedimage="file='RadioBtnSel.png' dest='3,5,15,17'" normalimage="file='RadioBtnNon.png' dest='2,4,14,16'" />
						<Option name="Radio_DUT_Y" text="DUT_Y" height="25" group="SelectAxisName" textcolor="0xFF000000" hottextcolor="#FF386382" disabledtextcolor="#FFbac0c5" textpadding="40,0,0,0" align="left" selectedimage="file='RadioBtnSel.png' dest='3,5,15,17'" normalimage="file='RadioBtnNon.png' dest='3,5,15,17'" />
						<Option name="Radio_DUT_Z_LEFT" text="DUT_Z_LEFT" group="SelectAxisName" height="25" textcolor="0xFF000000" hottextcolor="#FF386382" disabledtextcolor="#FFbac0c5" textpadding="40,0,0,0" align="left" selectedimage="file='RadioBtnSel.png' dest='3,5,15,17'" normalimage="file='RadioBtnNon.png' dest='3,5,15,17'" />
						<Option name="Radio_DUT_Z_RIGHT" text="DUT_Z_RIGHT" group="SelectAxisName" height="25" textcolor="0xFF000000" hottextcolor="#FF386382" disabledtextcolor="#FFbac0c5" textpadding="40,0,0,0" align="left" selectedimage="file='RadioBtnSel.png' dest='3,5,15,17'" normalimage="file='RadioBtnNon.png' dest='3,5,15,17'" />
					</HorizontalLayout>
					<HorizontalLayout childpadding="10">
						<Option name="Radio_LIGHTSOURCE_X" text="LIGHTSOURCE_X" group="SelectAxisName" height="25" textcolor="0xFF000000" hottextcolor="#FF386382" disabledtextcolor="#FFbac0c5" textpadding="40,0,0,0" align="left" selectedimage="file='RadioBtnSel.png' dest='3,5,15,17'" normalimage="file='RadioBtnNon.png' dest='3,5,15,17'" />
						<Option name="Radio_LIGHTSOURCE_Y" text="LIGHTSOURCE_Y" group="SelectAxisName" height="25" textcolor="0xFF000000" hottextcolor="#FF386382" disabledtextcolor="#FFbac0c5" textpadding="40,0,0,0" align="left" selectedimage="file='RadioBtnSel.png' dest='3,5,15,17'" normalimage="file='RadioBtnNon.png' dest='3,5,15,17'" />
						<Option name="Radio_LIGHTSOURCE_Z" text="LIGHTSOURCE_Z" group="SelectAxisName" height="25" textcolor="0xFF000000" hottextcolor="#FF386382" disabledtextcolor="#FFbac0c5" textpadding="40,0,0,0" align="left" selectedimage="file='RadioBtnSel.png' dest='3,5,15,17'" normalimage="file='RadioBtnNon.png' dest='3,5,15,17'" />
						<Text text="" height="25" />
					</HorizontalLayout>
				</VerticalLayout>
				<Text text="Test mode" height="25" align="left" font="0" />
				<VerticalLayout height="100" bordersize="1" bordercolor="0xFFD2D2D2" childpadding="10" inset="10,10,10,10">
					<Combo name="OQC_CmbTestMode" height="25" width="300" normalimage="file='Combo_nor.bmp' corner='2,2,24,2'" hotimage="file='Combo_over.bmp' corner='2,2,24,2'" font="5" itemfont="5" vscrollbar="true">
						<ListLabelElement text="Repeated positioning accuracy" selected="true" />
						<ListLabelElement text="Positioning accurary" />
					</Combo>
					<HorizontalLayout inset="0,5,5,0">
						<Text text="DOE count:" align="left" height="25" width="150" />
						<Edit name="OQC_DoeCount" text="1" height="25" width="150" bordersize="1" bordercolor="0xFF000000" />
					</HorizontalLayout>
				</VerticalLayout>
				<HorizontalLayout height="120">
					<VerticalLayout>
						<HorizontalLayout height="25" childpadding="10">
							<Text text="Repeated positioning accuracy" height="25" align="left" font="0" />
							<Text text="Positioning accurary" height="25" align="left" font="0" />
						</HorizontalLayout>
						<HorizontalLayout childpadding="10">
							<VerticalLayout bordersize="1" childpadding="10" bordercolor="0xFFD2D2D2" inset="5,10,5,10">
								<HorizontalLayout>
									<Text text="Set Times:" align="left" height="25" width="100" />
									<Edit name="OQC_EditTimes" text="1" height="25" width="100" bordersize="1" bordercolor="0xFF000000" />
								</HorizontalLayout>
								<HorizontalLayout>
									<Text text="Test Distance:" align="left" height="25" width="100" />
									<Edit name="OQC_EditTestDistance1" text="0" height="25" width="100" bordersize="1" bordercolor="0xFF000000" />
								</HorizontalLayout>
							</VerticalLayout>
							<VerticalLayout bordersize="1" childpadding="" bordercolor="0xFFD2D2D2" inset="5,5,5,5">
								<HorizontalLayout>
									<Text text="Max:" align="left" height="25" width="100" />
									<Edit name="OQC_EditMax" Text="1" height="25" width="100" bordersize="1" bordercolor="0xFF000000" />
								</HorizontalLayout>
								<HorizontalLayout>
									<Text text="Min:" align="left" height="25" width="100" />
									<Edit name="OQC_EditMin" Text="0" height="25" width="100" bordersize="1" bordercolor="0xFF000000" />
								</HorizontalLayout>
								<HorizontalLayout>
									<Text text="Test Discance:" align="left" height="25" width="100" />
									<Edit name="OQC_EditTestDistance2" Text="0" height="25" width="100" bordersize="1" bordercolor="0xFF000000" />
								</HorizontalLayout>
							</VerticalLayout>
						</HorizontalLayout>
					</VerticalLayout>
				</HorizontalLayout>
				<Text text="Test information:" height="25" align="left" font="0" />
				<VerticalLayout height="50" bordersize="1" bordercolor="0xFFD2D2D2" childpadding="10" inset="10,10,10,10">
					<HorizontalLayout>
						<Text text="Current DOE:" height="25" textcolor="0xFF000000" hottextcolor="#FF386382" selectedtextcolor="#FF386382" disabledtextcolor="#FFbac0c5" textpadding="40,0,0,0" align="left" selectedimage="file='RadioBtnSel.png' dest='3,5,15,17'" normalimage="file='RadioBtnNon.png' dest='3,5,15,17'" />
						<Text name="OQC_Text_CurDoeCount" text="1" font="0" height="25" textcolor="0xFF000000" hottextcolor="#FF386382" selectedtextcolor="#FF386382" disabledtextcolor="#FFbac0c5" textpadding="40,0,0,0" align="left" selectedimage="file='RadioBtnSel.png' dest='3,5,15,17'" normalimage="file='RadioBtnNon.png' dest='3,5,15,17'" />
						<Text text="Current Count:" height="25" textcolor="0xFF000000" hottextcolor="#FF386382" selectedtextcolor="#FF386382" disabledtextcolor="#FFbac0c5" textpadding="40,0,0,0" align="left" selectedimage="file='RadioBtnSel.png' dest='3,5,15,17'" normalimage="file='RadioBtnNon.png' dest='3,5,15,17'" />
						<Text name="OQC_Text_CurTestCount" text="1" font="0" height="25" textcolor="0xFF000000" hottextcolor="#FF386382" selectedtextcolor="#FF386382" disabledtextcolor="#FFbac0c5" textpadding="40,0,0,0" align="left" selectedimage="file='RadioBtnSel.png' dest='3,5,15,17'" normalimage="file='RadioBtnNon.png' dest='3,5,15,17'" />
					</HorizontalLayout>
				</VerticalLayout>
				<Text text="Operation" height="25" align="left" font="0" />
				<VerticalLayout height="80" bordersize="1" bordercolor="0xFFD2D2D2" childpadding="50" inset="10,10,10,10">
					<HorizontalLayout childpadding="10">
						<Button text="Start" name="OQC_btnStartTest" normalimage="file='button_normal.png' corner='20,2,20,2'" hotimage="file='button_hover.png' corner='20,2,20,2'" pushedimage="file='button_pushed.png' corner='20,2,20,2'" />
						<Button text="Stop" name="OQC_btnStopTest" normalimage="file='button_normal.png' corner='20,2,20,2'" hotimage="file='button_hover.png' corner='20,2,20,2'" pushedimage="file='button_pushed.png' corner='20,2,20,2'" />
					</HorizontalLayout>
				</VerticalLayout>
			</VerticalLayout>
		</VerticalLayout>
	</VerticalLayout>
</Window>
