<?xml version="1.0" encoding="UTF-8" standalone="yes"?>
<Window size="1800,900">
	<HorizontalLayout bkcolor="0xFFF7F6F6" childpadding="10" inset="20,10,20,10">
		<HorizontalLayout width="510" height="600" inset="5,5,5,5">
			<List name="List_Recipe" bkcolor="#FFFFFFFF" inset="2,2,2,2" itemshowhtml="true" vscrollbar="true" hscrollbar="true" headerbkimage="file='list_header_bg.png'" itemalign="center" itembkcolor="#FFE2DDDF" itemselectedbkcolor="0xFF0000FF" menu="true">
				<ListHeader bkcolor="0xFF969696" bordercolor="0xFFD2D2D2" bordersize="1" vscrollbar="true" sepwidth="2" sepimm="true">
					<ListHeaderItem text="Num" font="0" bordercolor="0xFF000000" bordersize="1" width="50" endellipsis="true" font="1" normalimage="headerctrl_normal.bmp" hotimage="headerctrl_hot.bmp" pushedimage="headerctrl_down.bmp" sepimage="Headerctrl_Sperator.bmp" sepwidth="2" />
					<ListHeaderItem text="IsEnable" font="0" bordercolor="0xFF000000" bordersize="1" width="80" endellipsis="true" font="1" normalimage="headerctrl_normal.bmp" hotimage="headerctrl_hot.bmp" pushedimage="headerctrl_down.bmp" sepimage="Headerctrl_Sperator.bmp" sepwidth="2" />
					<ListHeaderItem text="Eyebox_X" font="0" bordercolor="0xFF000000" bordersize="1" endellipsis="true" font="1" normalimage="headerctrl_normal.bmp" hotimage="headerctrl_hot.bmp" pushedimage="headerctrl_down.bmp" sepimage="Headerctrl_Sperator.bmp" sepwidth="2" />
					<ListHeaderItem text="Eyebox_Y" font="0" bordercolor="0xFF000000" bordersize="1" endellipsis="true" font="1" normalimage="headerctrl_normal.bmp" hotimage="headerctrl_hot.bmp" pushedimage="headerctrl_down.bmp" sepimage="Headerctrl_Sperator.bmp" sepwidth="2" />
					<ListHeaderItem text="Eyebox_Z" font="0" bordercolor="0xFF000000" bordersize="1" endellipsis="true" font="1" normalimage="headerctrl_normal.bmp" hotimage="headerctrl_hot.bmp" pushedimage="headerctrl_down.bmp" sepimage="Headerctrl_Sperator.bmp" sepwidth="2" />
				</ListHeader>
			</List>
		</HorizontalLayout>
		<VerticalLayout width="100" height="600" bordercolor="0xFFD2D2D2" bordersize="1" childpadding="100">
			<Button text="Add" name="btnRecipeAdd" height="50" normalimage="file='button_normal.png'" hotimage="file='button_hover.png'" pushedimage="file='button_pushed.png'" />
			<Button text="Delete" name="btnRecipeDelete" height="50" normalimage="file='button_normal.png'" hotimage="file='button_hover.png'" pushedimage="file='button_pushed.png'" />
			<Button text="Save" name="btnRecipeSave" height="50" normalimage="file='button_normal.png'" hotimage="file='button_hover.png'" pushedimage="file='button_pushed.png'" />
		</VerticalLayout>
	</HorizontalLayout>
</Window>
