<?xml version="1.0" encoding="UTF-8"?>
<Window size="1800,900">
	<HorizontalLayout bkcolor="0xFFF7F6F6" childpadding="10" inset="20,10,20,10">
		<VerticalLayout width="650" height="500">
			<Text text="INPUT" height="20" />
			<HorizontalLayout inset="2,2,2,2" childpadding="5">
				<VerticalLayout bordercolor="0xFFD2D2D2" bordersize="1" name="IOList_Input1" childpadding="2" inset="5,5,5,5" />
				<VerticalLayout bordercolor="0xFFD2D2D2" bordersize="1" name="IOList_Input2" childpadding="2" inset="5,5,5,5" />
				<VerticalLayout bordercolor="0xFFD2D2D2" bordersize="1" name="IOList_Input3" childpadding="2" inset="5,5,5,5" />
			</HorizontalLayout>
		</VerticalLayout>
		<VerticalLayout width="650" height="500">
			<Text text="OUTPUT" height="20" />
			<HorizontalLayout inset="2,2,2,2" childpadding="5">
				<VerticalLayout bordercolor="0xFFD2D2D2" bordersize="1" name="IOList_Output1" childpadding="2" inset="5,5,5,5" />
				<VerticalLayout bordercolor="0xFFD2D2D2" bordersize="1" name="IOList_Output2" childpadding="2" inset="5,5,5,5" />
				<VerticalLayout bordercolor="0xFFD2D2D2" bordersize="1" name="IOList_Output3" childpadding="2" inset="5,5,5,5" />
			</HorizontalLayout>
		</VerticalLayout>
		<VerticalLayout height="500" width="350">
			<Text text="Operation" height="20" />
			<VerticalLayout bordercolor="0xFFD2D2D2" bordersize="1">
				<HorizontalLayout childpadding="10" inset="10,10,10,10">
					<Button text="Open door" name="btnOpenDoor" height="40" normalimage="file='button_normal.png' corner='20,2,20,2'" hotimage="file='button_hover.png' corner='20,2,20,2'" pushedimage="file='button_pushed.png' corner='20,2,20,2'" />
					<Button text="Close door" name="btnCloseDoor" height="40" normalimage="file='button_normal.png' corner='20,2,20,2'" hotimage="file='button_hover.png' corner='20,2,20,2'" pushedimage="file='button_pushed.png' corner='20,2,20,2'" />
				</HorizontalLayout>
				<HorizontalLayout>
					<Button text="Clamp the left cylinder" name="btnClampLeft" height="40" normalimage="file='button_normal.png' corner='20,2,20,2'" hotimage="file='button_hover.png' corner='20,2,20,2'" pushedimage="file='button_pushed.png' corner='20,2,20,2'" />
					<Button text="Release the left cylinder" name="btnReleaseLeft" height="40" normalimage="file='button_normal.png' corner='20,2,20,2'" hotimage="file='button_hover.png' corner='20,2,20,2'" pushedimage="file='button_pushed.png' corner='20,2,20,2'" />
				</HorizontalLayout>
				<HorizontalLayout>
					<Button text="Clamp the right cylinder" name="btnClampRight" height="40" normalimage="file='button_normal.png' corner='20,2,20,2'" hotimage="file='button_hover.png' corner='20,2,20,2'" pushedimage="file='button_pushed.png' corner='20,2,20,2'" />
					<Button text="Release the right cylinder" name="btnReleaseRight" height="40" normalimage="file='button_normal.png' corner='20,2,20,2'" hotimage="file='button_hover.png' corner='20,2,20,2'" pushedimage="file='button_pushed.png' corner='20,2,20,2'" />
				</HorizontalLayout>
				<HorizontalLayout>
					<Button text="Turn on ion fan" name="btnTurnOn" height="40" normalimage="file='button_normal.png' corner='20,2,20,2'" hotimage="file='button_hover.png' corner='20,2,20,2'" pushedimage="file='button_pushed.png' corner='20,2,20,2'" />
					<Button text="Turn off ion fan" name="btnTurnOff" height="40" normalimage="file='button_normal.png' corner='20,2,20,2'" hotimage="file='button_hover.png' corner='20,2,20,2'" pushedimage="file='button_pushed.png' corner='20,2,20,2'" />
				</HorizontalLayout>
			</VerticalLayout>
		</VerticalLayout>
	</HorizontalLayout>
</Window>
