<?xml version="1.0" encoding="UTF-8"?>
<Window size="330,290" caption="0,0,0,30" roundcorner="1,1,1,1">
	<Font id="0" name="微软雅黑" size="14" share="true" bold="true" />
	<Font id="1" name="微软雅黑" size="14" share="true" default="true" />
	<VerticalLayout bkcolor="0xffF4F8FF" bordersize="1" bordercolor="0xFFCFE7F4">	
		<Label text="IO参数" font="0" bkcolor="#FFC5D4F2" height="20" padding="1,1,1,1" align="center" />
		<HorizontalLayout height="26">
			<Label text="IO名：" padding="20,3,3,3" borderround="3,3" />
			<Edit name="edit_IONameEn" width="120" padding="3,1,20,1" bordercolor="#FF4EA0D1" bordersize="1" />
		</HorizontalLayout>
		<HorizontalLayout height="26">
			<Label text="IO名（中文）：" padding="20,3,3,3" borderround="3,3" />
			<Edit name="edit_IONameCn" width="120" padding="3,1,20,1" bordercolor="#FF4EA0D1" bordersize="1" />
		</HorizontalLayout>
		<HorizontalLayout height="26">
			<Label text="所属区域：" padding="20,3,3,3" borderround="3,3" />
			<Edit name="edit_GroupName" width="120" padding="3,1,20,1" bordercolor="#FF4EA0D1" bordersize="1" />
		</HorizontalLayout>
		<HorizontalLayout height="26">
			<Label text="卡类型：" padding="20,3,3,3" borderround="3,3" />
			<Edit name="edit_CardType" width="120" padding="3,1,20,1" bordercolor="#FF4EA0D1" bordersize="1" />
		</HorizontalLayout>
		<HorizontalLayout height="26">
			<Label text="卡号：" padding="20,3,3,3" borderround="3,3" />
			<Edit name="edit_CardNum" width="120" padding="3,1,20,1" bordercolor="#FF4EA0D1" bordersize="1" />
		</HorizontalLayout>
		<HorizontalLayout height="26">
			<Label text="位索引：" padding="20,3,3,3" borderround="3,3" />
			<Edit name="edit_BitNum" width="120" padding="3,1,20,1" bordercolor="#FF4EA0D1" bordersize="1" />
		</HorizontalLayout>
		<HorizontalLayout height="26">
			<Label text="电平信号：" padding="20,3,3,3" borderround="3,3" />
			<Edit name="edit_ElectricalLevel" width="120" padding="3,1,20,1" bordercolor="#FF4EA0D1" bordersize="1" />
		</HorizontalLayout>
		<HorizontalLayout height="26">
			<Label text="是否启用（1启用0不启用）" name="lable_IsUse" padding="20,3,3,3" borderround="3,3" />
			<Edit name="edit_IsUse" width="120" padding="3,1,20,1" bordercolor="#FF4EA0D1" bordersize="1" />
		</HorizontalLayout>
		<Label text="功能设置" font="0" bkcolor="#FFC5D4F2" height="20" padding="1,1,1,1" align="center" />
		<HorizontalLayout height="35">
			<Button name="btn_IOParasSave" text="保存更新参数" height="35" padding="30,3,30,3" borderround="3,3" normalimage="file='button_normal.png' corner='20,2,20,2'" hotimage="file='button_hover.png' corner='20,2,20,2'" pushedimage="file='button_pushed.png' corner='20,2,20,2'" />
			<Button name="btn_ExitIOSetDlg" text="退出参数设置" height="35" padding="30,3,30,3" borderround="3,3" normalimage="file='button_normal.png' corner='20,2,20,2'" hotimage="file='button_hover.png' corner='20,2,20,2'" pushedimage="file='button_pushed.png' corner='20,2,20,2'" />
		</HorizontalLayout>
	</VerticalLayout>
</Window>
