<?xml version="1.0" encoding="UTF-8"?>
<Window>
	<ListContainerElement>
		<HorizontalLayout inset="2,2,2,2">
			<Label name="Label_EyeBox_Index" text="1" align="center" bkcolor="0xFF969696" bordercolor="0xFFD2D2D2" />
		</HorizontalLayout>
		<HorizontalLayout inset="2,2,2,2">
			<Edit name="Edit_IsEnable" text="1" align="left" />
		</HorizontalLayout>
		<HorizontalLayout inset="2,2,2,2">
			<Edit name="Edit_EyeBox_X" text="1.0" align="left" />
		</HorizontalLayout>
		<HorizontalLayout inset="2,2,2,2">
			<Edit name="Edit_EyeBox_Y" text="1.0" align="left" />
		</HorizontalLayout>
		<HorizontalLayout inset="2,2,2,2">
			<Edit name="Edit_EyeBox_Z" text="1.0" align="left" />
		</HorizontalLayout>
	</ListContainerElement>
</Window>
