<?xml version="1.0" encoding="UTF-8"?>
<Window size="1800,900">
	<VerticalLayout inset="1,1,1,1" bkcolor="0xFF498DFD" bkcolor2="0xFFCFE7F4" bordercolor="0xFF768D9B" bordersize="1">
		<HorizontalLayout name="dialog_body" inset="0,0,0,3" padding="2,0,2,0" borderround="5,5">
			<VerticalLayout width="260" padding="0,0,3,0" bkcolor="0xFFFFFFFF">
				<HorizontalLayout name="board_control" height="30">
					<Button name="btn_cardInit" text="连接板卡" padding="3,3,5,3" borderround="3,3" normalimage="file='button_normal.png' corner='20,2,20,2'" hotimage="file='button_hover.png' corner='20,2,20,2'" pushedimage="file='button_pushed.png' corner='20,2,20,2'" />
					<Button name="btn_cardClose" text="断开板卡" padding="5,3,5,3" borderround="3,3" normalimage="file='button_normal.png' corner='20,2,20,2'" hotimage="file='button_hover.png' corner='20,2,20,2'" pushedimage="file='button_pushed.png' corner='20,2,20,2'" enabled="false" />
				</HorizontalLayout>
				<HorizontalLayout>
					<HorizontalLayout width="125" padding="0,0,3,0" bkcolor="0XFFFFFFFF">
						<VerticalLayout>
							<List name="list_AxisName" bkcolor="0xFFF0F0F0">
								<ListHeader bkimage="list_header_bg.png">
									<ListHeaderItem sepwidth="1" hotimage="list_header_hot.png" pushedimage="list_header_pushed.png" sepimage="list_header_sep.png" resourceid="9" text="轴列表" />
								</ListHeader>
							</List>
						</VerticalLayout>
					</HorizontalLayout>
					<HorizontalLayout padding="0,0,3,0" bkcolor="0XFFFFFFFFS">
						<VerticalLayout>
							<List name="list_AxisPos" bkcolor="0xFFF0F0F0">
								<ListHeader bkimage="list_header_bg.png">
									<ListHeaderItem sepwidth="1" hotimage="list_header_hot.png" pushedimage="list_header_pushed.png" sepimage="list_header_sep.png" resourceid="9" text="点位列表" />
								</ListHeader>
							</List>
						</VerticalLayout>
					</HorizontalLayout>
				</HorizontalLayout>
			</VerticalLayout>
			<VerticalLayout width="380" padding="0,0,3,0" bkcolor="0xFFFFFFFF">
				<VerticalLayout>
					<HorizontalLayout height="28">
						<Label text="当前轴：" width="150" padding="10,3,3,3" borderround="3,3" />
						<Label name="currentAxis" text="Rz_Axis" padding="3,3,30,3" borderround="3,3" />
					</HorizontalLayout>
					<HorizontalLayout height="28">
						<Label text="轴号：" width="150" padding="10,3,3,3" borderround="3,3" />
						<Edit name="axisNum" padding="3,3,30,3" bordercolor="#FF4EA0D1" bordersize="1" bkcolor="0xFFF0F0F0" mouse="false" keyboard="false" />
					</HorizontalLayout>
					<HorizontalLayout height="28">
						<Label text="回原速度(pulse)：" width="150" padding="10,3,3,3" borderround="3,3" />
						<Edit name="homeSpeed" padding="3,3,30,3" bordercolor="#FF4EA0D1" bordersize="1" />
					</HorizontalLayout>
					<HorizontalLayout height="28">
						<Label text="回原加速度(pulse)：" width="150" padding="10,3,3,3" borderround="3,3" />
						<Edit name="homeAcc" padding="3,3,30,3" bordercolor="#FF4EA0D1" bordersize="1" />
					</HorizontalLayout>
					<HorizontalLayout height="28">
						<Label text="回原爬行速度(pulse)：" width="150" padding="10,3,3,3" borderround="3,3" />
						<Edit name="homeVo" padding="3,3,30,3" bordercolor="#FF4EA0D1" bordersize="1" />
					</HorizontalLayout>
					<HorizontalLayout height="28">
						<Label text="回原曲线(0-1)：" width="150" padding="10,3,3,3" borderround="3,3" />
						<Edit name="homeCurve" padding="3,3,30,3" bordercolor="#FF4EA0D1" bordersize="1" />
					</HorizontalLayout>
					<HorizontalLayout height="28">
						<Label text="回原模式(0原点1信号定位)：" width="150" padding="10,3,3,3" borderround="3,3" />
						<Edit name="homeMode" padding="3,3,30,3" bordercolor="#FF4EA0D1" bordersize="1" />
					</HorizontalLayout>
					<HorizontalLayout height="28">
						<Label text="回原方向(0正向1负向)：" width="150" padding="10,3,3,3" borderround="3,3" />
						<Edit name="homeDir" padding="3,3,30,3" bordercolor="#FF4EA0D1" bordersize="1" />
					</HorizontalLayout>
					<HorizontalLayout height="28">
						<Label text="回原Z相(0不使用1使用)：" width="150" padding="10,3,3,3" borderround="3,3" />
						<Edit name="homeEZA" padding="3,3,30,3" bordercolor="#FF4EA0D1" bordersize="1" />
					</HorizontalLayout>
					<HorizontalLayout height="28">
						<Label text="回原偏移距离(mm)：" width="150" padding="10,3,3,3" borderround="3,3" />
						<Edit name="homeOffset" padding="3,3,30,3" bordercolor="#FF4EA0D1" bordersize="1" />
					</HorizontalLayout>
					<HorizontalLayout height="28">
						<Label text="手动速度(pulse)：" width="150" padding="10,3,3,3" borderround="3,3" />
						<Edit name="ManualSpeed" padding="3,3,30,3" bordercolor="#FF4EA0D1" bordersize="1" />
					</HorizontalLayout>
					<HorizontalLayout height="28">
						<Label text="软件正极限(mm)：" width="150" padding="10,3,3,3" borderround="3,3" />
						<Edit name="PositiveLimit" padding="3,3,30,3" bordercolor="#FF4EA0D1" bordersize="1" />
					</HorizontalLayout>
					<HorizontalLayout height="28">
						<Label text="软件负极限(mm)：" width="150" padding="10,3,3,3" borderround="3,3" />
						<Edit name="NegativeLimit" padding="3,3,30,3" bordercolor="#FF4EA0D1" bordersize="1" />
					</HorizontalLayout>
					<HorizontalLayout height="28">
						<Label text="到位延时(um)：" width="150" padding="10,3,3,3" borderround="3,3" />
						<Edit name="DelayTime" padding="3,3,30,3" bordercolor="#FF4EA0D1" bordersize="1" />
					</HorizontalLayout>
					<HorizontalLayout height="28">
						<Label text="允许误差(mm)：" width="150" padding="10,3,3,3" borderround="3,3" />
						<Edit name="ErrorPos" padding="3,3,30,3" bordercolor="#FF4EA0D1" bordersize="1" />
					</HorizontalLayout>
					<HorizontalLayout height="28">
						<Label text="回原偏移距离(mm)：" width="150" padding="10,3,3,3" borderround="3,3" />
						<Edit name="HomeDoneOffset" padding="3,3,30,3" bordercolor="#FF4EA0D1" bordersize="1" />
					</HorizontalLayout>
					<HorizontalLayout height="28">
						<Label text="脉冲当量：" width="150" padding="10,3,3,3" borderround="3,3" />
						<Edit name="equivalent" padding="3,3,30,3" bordercolor="#FF4EA0D1" bordersize="1" />
					</HorizontalLayout>
					<HorizontalLayout height="28">
						<Label text="1°对应多少脉冲：" width="150" padding="10,3,3,3" borderround="3,3" />
						<Edit name="UnitConversion" padding="3,3,30,3" bordercolor="#FF4EA0D1" bordersize="1" />
					</HorizontalLayout>
					<Label height="2" padding="3,10,3,10" bkcolor="0xFFCFE7F4" />
					<HorizontalLayout height="28">
						<Label text="当前位置(mm/°)：" width="150" padding="10,3,3,3" borderround="3,3" />
						<Edit name="CurPos" width="140" padding="3,3,1,3" bordercolor="#FF4EA0D1" bordersize="1" bkcolor="0xFFF0F0F0" mouse="false" keyboard="false" />
						<Button name="btn_AbsMove" text="绝对运动" height="30" width="65" padding="3,3,5,3" borderround="3,3" normalimage="file='button_normal.png' corner='20,2,20,2'" hotimage="file='button_hover.png' corner='20,2,20,2'" pushedimage="file='button_pushed.png' corner='20,2,20,2'" />
					</HorizontalLayout>
					<HorizontalLayout height="28">
						<Label text="示教位置(mm/°)：" width="150" padding="10,3,3,3" borderround="3,3" />
						<Edit name="AxisPos" width="140" padding="3,3,1,3" bordercolor="#FF4EA0D1" bordersize="1" />
						<Button name="btn_RelativeMove" text="相对运动" height="30" width="65" padding="3,3,5,3" borderround="3,3" normalimage="file='button_normal.png' corner='20,2,20,2'" hotimage="file='button_hover.png' corner='20,2,20,2'" pushedimage="file='button_pushed.png' corner='20,2,20,2'" />
					</HorizontalLayout>
					<HorizontalLayout height="28">
						<Label text="步长位置(mm/°)：" width="150" padding="10,3,3,3" borderround="3,3" />
						<Combo name="MoveStep" width="140" padding="3,3,1,3" normalimage="file='Combo_nor.bmp' corner='2,2,24,2'" hotimage="file='Combo_over.bmp' corner='2,2,24,2'" itemfont="5" font="5" scrollselect="true" vscrollbar="true" bordercolor="#FF4EA0D1" bordersize="1">
							<ListLabelElement text="1" selected="true" />
							<ListLabelElement text="5" />
							<ListLabelElement text="10" />
							<ListLabelElement text="-1" />
							<ListLabelElement text="-5" />
							<ListLabelElement text="-10" />
						</Combo>
						<Button name="btn_Home" text="回原" height="30" width="65" padding="3,3,5,3" borderround="3,3" normalimage="file='button_normal.png' corner='20,2,20,2'" hotimage="file='button_hover.png' corner='20,2,20,2'" pushedimage="file='button_pushed.png' corner='20,2,20,2'" />
					</HorizontalLayout>
					<HorizontalLayout height="28">
						<Label text="自动速度：" width="150" padding="10,3,3,3" borderround="3,3" />
						<Edit name="AutoSpeed" width="140" padding="3,3,1,3" bordercolor="#FF4EA0D1" bordersize="1" />
						<Button name="btn_Stop" text="停止" height="30" width="65" padding="3,3,5,3" borderround="3,3" normalimage="file='button_normal.png' corner='20,2,20,2'" hotimage="file='button_hover.png' corner='20,2,20,2'" pushedimage="file='button_pushed.png' corner='20,2,20,2'" />
					</HorizontalLayout>
					<HorizontalLayout height="28">
						<Label text="自动加速度：" width="150" padding="10,3,3,3" borderround="3,3" />
						<Edit name="AutoAcc" width="140" padding="3,3,30,3" bordercolor="#FF4EA0D1" bordersize="1" />
					</HorizontalLayout>
					<HorizontalLayout height="28">
						<Label text="自动减速度：" width="150" padding="10,3,3,3" borderround="3,3" />
						<Edit name="AutoDec" width="140" padding="3,3,1,3" bordercolor="#FF4EA0D1" bordersize="1" />
						<Button name="btn_forwardMove" text="前进" height="30" width="65" padding="3,3,5,3" borderround="3,3" normalimage="file='button_normal.png' corner='20,2,20,2'" hotimage="file='button_hover.png' corner='20,2,20,2'" pushedimage="file='button_pushed.png' corner='20,2,20,2'" />
					</HorizontalLayout>
					<HorizontalLayout height="28">
						<Label text="自动曲线速度：" width="150" padding="10,3,3,3" borderround="3,3" />
						<Edit name="AutoCurve" width="140" padding="3,3,1,3" bordercolor="#FF4EA0D1" bordersize="1" />
						<Button name="btn_backMove" text="后退" height="30" width="65" padding="3,3,5,3" borderround="3,3" normalimage="file='button_normal.png' corner='20,2,20,2'" hotimage="file='button_hover.png' corner='20,2,20,2'" pushedimage="file='button_pushed.png' corner='20,2,20,2'" />
					</HorizontalLayout>
					<Label height="2" padding="3,30,3,3" bkcolor="0xFFCFE7F4" />
				</VerticalLayout>
				<HorizontalLayout height="30" padding="0,3,0,10" childalign="center" childvalign="vcenter">
					<Button name="btn_paraSave" text="保存参数" padding="30,3,30,3" borderround="3,3" normalimage="file='button_normal.png' corner='20,2,20,2'" hotimage="file='button_hover.png' corner='20,2,20,2'" pushedimage="file='button_pushed.png' corner='20,2,20,2'" />
					<Button name="btn_paraLoad" text="导入参数" padding="30,3,30,3" borderround="3,3" normalimage="file='button_normal.png' corner='20,2,20,2'" hotimage="file='button_hover.png' corner='20,2,20,2'" pushedimage="file='button_pushed.png' corner='20,2,20,2'" />
				</HorizontalLayout>
			</VerticalLayout>
			<VerticalLayout bkcolor="0xFFFFFFFF">
				<HorizontalLayout height="35" bkcolor="0xFFF0F0F0">
					<Label text="自动循环次数：" width="80" padding="3,3,3,3" borderround="3,3" />
					<Edit name="cycleTimes" width="50" text="10" align="center" padding="3,3,3,3" borderround="3,3" style="style_edit" />
					<Label text="剩余循环次数：" width="80" padding="3,3,3,3" borderround="3,3" />
					<Edit name="RemainingTimes" width="50" text="10" align="center" padding="3,3,3,3" borderround="3,3" style="style_edit" />
					<Label />
					<Button name="btn_start" text="开始DOE" height="30" width="70" padding="3,3,3,3" borderround="3,3" normalimage="file='button_normal.png' corner='20,2,20,2'" hotimage="file='button_hover.png' corner='20,2,20,2'" pushedimage="file='button_pushed.png' corner='20,2,20,2'" />
					<Button name="btn_stop" text="结束DOE" height="30" width="70" padding="3,3,3,3" borderround="3,3" normalimage="file='button_normal.png' corner='20,2,20,2'" hotimage="file='button_hover.png' corner='20,2,20,2'" pushedimage="file='button_pushed.png' corner='20,2,20,2'" />
				</HorizontalLayout>
			</VerticalLayout>
		</HorizontalLayout>
		<HorizontalLayout name="statusBar" height="25" padding="5,0,5,3" bkcolor="0xFFFFFFFF">
			<Label padding="3,3,3,3" borderround="3,3" />
			<Label name="CardAlarm" text="报警" width="40" align="center" padding="3,3,3,3" borderround="3,3" bkcolor="#FFC5D4F2" />
			<Label name="CardServo" text="伺服" width="40" align="center" padding="3,3,3,3" borderround="3,3" bkcolor="#FFC5D4F2" />
			<Label name="CardPEL" text="正极限" width="40" align="center" padding="3,3,3,3" borderround="3,3" bkcolor="#FFC5D4F2" />
			<Label name="CardORG" text="原点" width="40" align="center" padding="3,3,3,3" borderround="3,3" bkcolor="#FFC5D4F2" />
			<Label name="CardNEL" text="负极限" width="40" align="center" padding="3,3,3,3" borderround="3,3" bkcolor="#FFC5D4F2" />
			<Label name="CardConnect" text="未连接" width="40" align="center" padding="3,3,3,3" borderround="3,3" bkcolor="#FFC5D4F2" />
		</HorizontalLayout>
	</VerticalLayout>
</Window>
